Name,Location,Year,Kilometers_Driven,Fuel_Type,Transmission,Owner_Type,Mileage,Engine,Power,Seats,Price
Honda Jazz V,Chennai,2011,46000,Petrol,Manual,First,18.2,1199.0,88.7,5.0,4.5
Toyota Innova Crysta 2.8 GX AT 8S,Mumbai,2016,36000,Diesel,Automatic,First,11.36,2755.0,171.5,8.0,17.5
Maruti Ciaz Zeta,Kochi,2018,25692,Petrol,Manual,First,21.56,1462.0,103.25,5.0,9.95
Mitsubishi Pajero Sport 4X4,Delhi,2014,110000,Diesel,Manual,First,13.5,2477.0,175.56,7.0,15.0
BMW 3 Series 320d,Kochi,2014,32982,Diesel,Automatic,First,22.69,1995.0,190.0,5.0,18.55
Honda WRV i-VTEC VX,Kochi,2018,37430,Petrol,Manual,First,17.5,1199.0,88.7,5.0,9.9
Volkswagen Vento 1.6 Highline,Coimbatore,2014,55431,Petrol,Manual,Second,16.09,1598.0,103.5,5.0,6.98
Maruti Vitara Brezza ZDi Plus,Kochi,2018,50075,Diesel,Manual,First,24.3,1248.0,88.5,5.0,8.63
Hyundai Elantra 2.0 SX Option AT,Bangalore,2014,46374,Petrol,Automatic,First,14.62,1999.0,149.92,5.0,8.85
Toyota Innova Crysta 2.7 GX MT,Bangalore,2012,70704,Petrol,Manual,First,11.25,2694.0,163.7,7.0,10.95
Toyota Innova Crysta 2.4 GX MT 8S,Mumbai,2017,22000,Diesel,Manual,First,13.68,2393.0,147.8,8.0,16.5
Mercedes-Benz C-Class Progressive C 220d,Coimbatore,2019,15369,Diesel,Automatic,First,0.0,1950.0,194.0,5.0,35.67
Hyundai Creta 1.4 E Plus Diesel,Mumbai,2018,13000,Diesel,Manual,First,22.1,1396.0,88.7,5.0,10.5
Nissan Terrano XV D Pre,Kochi,2015,56066,Diesel,Manual,First,19.64,1461.0,108.5,5.0,6.92
Tata Zest Revotron 1.2T XE,Pune,2017,70000,Petrol,Manual,First,17.57,1193.0,88.7,5.0,4.5
Datsun GO Plus T Petrol,Pune,2017,32851,Petrol,Manual,First,19.83,1198.0,67.0,7.0,3.95
Toyota Etios Liva 1.2 G,Ahmedabad,2014,53000,Petrol,Manual,First,17.71,1197.0,78.9,5.0,3.9
Toyota Innova Crysta 2.8 ZX AT,Mumbai,2017,30000,Diesel,Automatic,First,11.36,2755.0,171.5,7.0,19.25
Maruti Eeco 5 Seater AC,Coimbatore,2017,38053,Petrol,Manual,First,15.1,1196.0,73.0,5.0,3.91
BMW 3 Series 320d Luxury Line,Mumbai,2015,56087,Diesel,Automatic,First,22.69,1995.0,190.0,5.0,20.75
Nissan Micra XV CVT,Coimbatore,2016,39882,Petrol,Automatic,First,19.15,1198.0,75.94,5.0,6.55
Maruti Vitara Brezza VDi,Mumbai,2016,55000,Diesel,Manual,First,24.3,1248.0,88.5,5.0,7.5
Hyundai Verna CRDi 1.6 SX Option,Kolkata,2018,10250,Diesel,Manual,First,22.0,1582.0,126.2,5.0,10.95
Maruti Alto K10 VXI,Hyderabad,2014,88500,Petrol,Manual,First,24.07,998.0,67.1,5.0,2.6
Mercedes-Benz SLC 43 AMG,Kolkata,2017,13372,Petrol,Automatic,First,19.0,2996.0,362.07,2.0,54.0
Hyundai Verna VTVT 1.6 AT SX Plus,Kochi,2019,12645,Petrol,Automatic,First,17.0,1591.0,121.3,5.0,11.5
Audi RS5 Coupe,Mumbai,2013,23000,Petrol,Automatic,First,11.05,2894.0,444.0,4.0,37.0
BMW 3 Series Luxury Line,Mumbai,2014,48000,Diesel,Automatic,First,21.76,1995.0,190.0,5.0,26.5
Hyundai Grand i10 1.2 Kappa Asta,Kolkata,2019,1000,Petrol,Manual,First,18.9,1197.0,81.86,5.0,6.5
BMW 5 Series 520d Luxury Line,Hyderabad,2014,51000,Diesel,Automatic,First,22.48,1995.0,190.0,5.0,33.5
Maruti Baleno Alpha,Kochi,2017,24773,Petrol,Manual,First,21.4,1197.0,83.1,5.0,7.5
Maruti Ertiga ZDI,Mumbai,2016,33000,Diesel,Manual,First,25.47,1248.0,88.5,7.0,8.5
Mahindra NuvoSport N6,Chennai,2017,29000,Diesel,Manual,Second,17.45,1493.0,100.0,7.0,6.5
Maruti Vitara Brezza ZDi Plus Dual Tone,Mumbai,2016,20000,Diesel,Manual,First,24.3,1248.0,88.5,5.0,9.0
Honda Amaze S Diesel,Kolkata,2013,45000,Diesel,Manual,First,27.4,1498.0,98.6,5.0,3.25
Skoda Superb Style 1.8 TSI AT,Hyderabad,2017,26000,Petrol,Automatic,First,14.67,1798.0,177.46,5.0,26.0
Mahindra Verito 1.5 D4 BSIV,Hyderabad,2013,107000,Diesel,Manual,First,21.03,1461.0,65.0,5.0,3.7
Maruti Wagon R VXI,Kolkata,2013,32000,Petrol,Manual,First,22.5,998.0,67.04,5.0,2.65
Mini Cooper Convertible S,Kochi,2017,26327,Petrol,Automatic,First,16.82,1998.0,189.08,4.0,35.67
Toyota Innova Crysta 2.8 GX AT,Kochi,2019,14165,Diesel,Automatic,First,11.36,2755.0,171.5,7.0,19.64
Honda City i-VTEC V,Kolkata,2011,32572,Petrol,Manual,First,17.4,1497.0,117.3,5.0,3.87
Toyota Innova Crysta 2.4 ZX MT,Pune,2017,43000,Diesel,Manual,First,13.68,2393.0,147.8,7.0,18.65
Hyundai Verna CRDi 1.6 SX,Hyderabad,2008,143275,Diesel,Manual,First,22.0,1582.0,126.2,5.0,2.6
Mercedes-Benz GLE 350d,Coimbatore,2017,29819,Diesel,Automatic,First,11.57,2987.0,254.79,5.0,61.29
Tata Zest Quadrajet 1.3 75PS XE,Pune,2017,121900,Diesel,Manual,First,22.95,1248.0,74.0,5.0,3.75
Tata Zest Quadrajet 1.3 75PS XE,Pune,2018,45000,Diesel,Manual,First,22.95,1248.0,74.0,5.0,5.25
Honda Jazz VX,Delhi,2015,62178,Petrol,Manual,First,18.2,1199.0,88.7,5.0,4.85
Toyota Innova Crysta 2.4 ZX MT,Chennai,2016,48000,Diesel,Manual,First,13.68,2393.0,147.8,7.0,20.25
Honda City i-VTEC CVT ZX,Mumbai,2017,15000,Petrol,Automatic,First,18.0,1497.0,117.3,5.0,12.69
Mercedes-Benz GLE 250d,Hyderabad,2017,29000,Diesel,Automatic,First,17.9,2143.0,201.15,5.0,57.0
Honda Brio 1.2 VX MT,Kochi,2012,91931,Petrol,Manual,First,18.5,1198.0,86.8,5.0,3.13
Audi Q7 45 TDI Quattro Technology,Coimbatore,2017,97430,Diesel,Automatic,First,14.75,2967.0,245.0,7.0,62.67
Maruti Vitara Brezza LDi,Chennai,2016,45000,Diesel,Manual,First,24.3,1248.0,88.5,5.0,7.15
BMW 3 Series Luxury Line,Kochi,2015,30717,Diesel,Automatic,Second,21.76,1995.0,190.0,5.0,25.99
Skoda Octavia RS,Jaipur,2005,100000,Petrol,Automatic,First,14.45,1984.0,227.0,5.0,2.05
Maruti Alto K10 VXI,Pune,2017,30000,Petrol,Manual,First,24.07,998.0,67.1,5.0,3.75
Jaguar XF 2.0 Diesel Portfolio,Hyderabad,2017,21000,Diesel,Automatic,First,19.33,1999.0,177.0,5.0,52.0
Skoda Superb L&K 1.8 TSI AT,Kochi,2019,13747,Petrol,Automatic,First,14.67,1798.0,177.46,5.0,27.3
Mini Clubman Cooper S,Pune,2017,8350,Petrol,Manual,First,13.8,1998.0,192.0,5.0,35.0
Maruti Vitara Brezza ZDi Plus,Hyderabad,2017,39000,Diesel,Manual,First,24.3,1248.0,88.5,5.0,9.49
Honda BRV i-VTEC V CVT,Kochi,2017,35676,Petrol,Automatic,First,16.0,1497.0,117.3,7.0,9.48
Jaguar XE Portfolio,Mumbai,2017,9000,Petrol,Automatic,First,13.5,1999.0,246.74,5.0,34.5
Mitsubishi Pajero Sport 4X2 AT DualTone BlackTop,Hyderabad,2018,12000,Diesel,Automatic,First,13.5,2477.0,175.56,7.0,28.0
BMW 3 Series Luxury Line,Mumbai,2015,41000,Diesel,Automatic,First,21.76,1995.0,190.0,5.0,25.5
Honda BR-V i-VTEC S MT,Pune,2017,9000,Petrol,Manual,First,15.4,1497.0,117.3,7.0,8.5
Hyundai i20 Active SX Petrol,Jaipur,2017,40250,Petrol,Manual,First,17.19,1197.0,81.86,5.0,6.9
Mercedes-Benz GLC 43 AMG Coupe,Coimbatore,2018,22397,Petrol,Automatic,First,11.5,2996.0,367.0,5.0,70.99
Audi A6 35 TFSI Matrix,Mumbai,2016,47000,Petrol,Automatic,First,15.26,1798.0,187.74,5.0,24.5
Mini Cooper Convertible S,Mumbai,2014,11900,Petrol,Automatic,First,16.82,1998.0,189.08,4.0,28.5
Mahindra Bolero ZLX,Coimbatore,2016,82756,Diesel,Manual,First,15.96,2523.0,62.1,7.0,7.7
Volkswagen Vento 1.6 Comfortline,Mumbai,2017,15000,Petrol,Manual,Second,16.09,1598.0,103.5,5.0,7.1
Maruti S-Cross Delta DDiS 200 SH,Delhi,2018,12923,Diesel,Manual,First,25.1,1248.0,88.5,5.0,8.92
Audi Q3 35 TDI Quattro Premium Plus,Coimbatore,2016,86642,Diesel,Automatic,First,15.17,1968.0,181.0,5.0,20.37
BMW 3 Series Luxury Line,Bangalore,2016,19235,Diesel,Automatic,First,21.76,1995.0,190.0,5.0,36.5
Mercedes-Benz E-Class E 220 d,Kochi,2018,26405,Petrol,Automatic,First,12.6,1950.0,191.34,5.0,51.43
Mercedes-Benz GLS 350d 4MATIC,Pune,2017,129000,Diesel,Automatic,First,11.0,2987.0,258.0,7.0,56.0
Maruti Wagon R LXI,Ahmedabad,2012,30000,Petrol,Manual,First,22.5,998.0,67.04,5.0,3.3
Hyundai Creta 1.6 SX,Chennai,2016,69434,Petrol,Manual,First,15.8,1591.0,121.3,5.0,8.0
Mercedes-Benz New C-Class Progressive C 200,Kochi,2019,13190,Petrol,Automatic,First,0.0,1950.0,181.43,5.0,38.99
BMW X1 sDrive 20d xLine,Coimbatore,2017,31645,Diesel,Automatic,First,20.68,1995.0,190.0,5.0,29.4
Maruti Ertiga ZDI,Pune,2013,105000,Diesel,Manual,Second,25.47,1248.0,88.5,7.0,6.75
Skoda Rapid 1.5 TDI Style,Hyderabad,2017,31000,Diesel,Manual,First,21.13,1498.0,108.4,5.0,10.5
Toyota Innova Crysta 2.8 GX AT,Ahmedabad,2016,100200,Diesel,Automatic,First,11.36,2755.0,171.5,7.0,17.0
Jeep Compass 2.0 Limited,Jaipur,2018,29000,Diesel,Manual,First,17.1,1956.0,170.0,5.0,19.0
Mahindra Bolero ZLX,Jaipur,2012,105000,Diesel,Manual,Second,15.96,2523.0,62.1,7.0,6.0
Volkswagen Polo 1.5 TDI Highline,Coimbatore,2018,33558,Diesel,Manual,First,20.14,1498.0,88.0,5.0,8.12
Toyota Innova Crysta 2.8 ZX AT,Coimbatore,2019,40674,Diesel,Automatic,First,11.36,2755.0,171.5,7.0,24.82
Mercedes-Benz GLC 220d 4MATIC Style,Mumbai,2018,10003,Diesel,Automatic,First,17.9,2143.0,170.0,5.0,48.5
Volkswagen Vento 1.5 TDI Highline AT,Mumbai,2016,25000,Diesel,Automatic,First,21.5,1498.0,108.5,5.0,9.45
Toyota Innova Crysta 2.4 GX MT 8S,Hyderabad,2017,52000,Diesel,Manual,First,13.68,2393.0,147.8,8.0,17.5
Maruti Vitara Brezza ZDi,Pune,2016,21558,Diesel,Manual,First,24.3,1248.0,88.5,5.0,8.9
Mini Cooper 5 DOOR D,Mumbai,2016,11000,Diesel,Automatic,First,20.7,1496.0,113.98,5.0,29.5
Tata Safari Storme VX Varicor 400,Jaipur,2017,37000,Diesel,Manual,First,14.1,2179.0,154.0,7.0,11.25
Honda BR-V i-DTEC VX MT,Kochi,2017,32249,Diesel,Manual,First,21.9,1498.0,98.6,7.0,10.79
Maruti Ignis 1.2 Alpha,Mumbai,2017,7000,Petrol,Manual,First,20.89,1197.0,81.8,5.0,5.7
Maruti Alto K10 VXI,Bangalore,2011,64357,Petrol,Manual,First,24.07,998.0,67.1,5.0,2.75
Honda BRV i-VTEC V CVT,Mumbai,2017,18000,Petrol,Automatic,First,16.0,1497.0,117.3,7.0,9.25
Maruti Vitara Brezza ZDi Plus Dual Tone,Coimbatore,2017,18108,Diesel,Manual,First,24.3,1248.0,88.5,5.0,11.31
Nissan Sunny XV CVT,Kochi,2013,37199,Petrol,Automatic,First,17.5,1498.0,99.6,5.0,5.43
Toyota Innova Crysta 2.4 ZX MT,Bangalore,2017,64798,Diesel,Manual,First,13.68,2393.0,147.8,7.0,18.75
Maruti Dzire AMT ZXI Plus,Hyderabad,2017,13000,Petrol,Automatic,First,22.0,1197.0,81.8,5.0,8.5
Hyundai Grand i10 1.2 CRDi Magna,Kolkata,2017,14000,Diesel,Manual,First,24.0,1186.0,73.97,5.0,4.9
Honda City i-VTEC V,Delhi,2014,55818,Petrol,Manual,Second,17.4,1497.0,117.3,5.0,5.7
Maruti Ertiga VDI,Ahmedabad,2017,63939,Diesel,Manual,First,25.47,1248.0,88.5,7.0,7.75
Maruti Celerio VXI AMT,Delhi,2014,35214,Petrol,Automatic,Second,23.1,998.0,67.04,5.0,3.2
Mini Cooper 5 DOOR D,Hyderabad,2014,60000,Diesel,Automatic,Second,20.7,1496.0,113.98,5.0,23.5
Honda City i-VTEC CVT VX,Bangalore,2015,18955,Petrol,Automatic,First,18.0,1497.0,117.3,5.0,10.65
Honda Jazz VX,Kochi,2018,20024,Petrol,Manual,First,18.2,1199.0,88.7,5.0,8.46
Ford Figo Titanium Diesel,Kolkata,2015,72035,Diesel,Manual,First,25.5,1498.0,99.0,5.0,2.5
Hyundai Creta 1.6 SX,Ahmedabad,2016,21000,Petrol,Manual,First,15.8,1591.0,121.3,5.0,10.9
Maruti Wagon R VXI,Coimbatore,2015,72599,Petrol,Manual,First,22.5,998.0,67.04,5.0,4.32
Mahindra XUV500 W9 AT,Coimbatore,2019,19654,Diesel,Automatic,First,14.0,2179.0,155.0,7.0,17.63
Mercedes-Benz GLE 250d,Mumbai,2016,21000,Diesel,Automatic,First,17.9,2143.0,201.15,5.0,56.0
Honda Amaze VX Diesel,Hyderabad,2018,12000,Diesel,Manual,First,27.4,1498.0,98.6,5.0,8.5
Maruti Alto K10 LXI,Pune,2014,49000,Petrol,Manual,First,24.07,998.0,67.1,5.0,2.3
Volkswagen Ameo 1.5 TDI Highline,Mumbai,2017,51000,Diesel,Manual,First,21.66,1498.0,108.62,5.0,6.45
Mahindra Xylo H4,Chennai,2016,215000,Diesel,Manual,First,14.02,2179.0,118.3,7.0,7.5
Toyota Innova Crysta 2.4 ZX MT,Pune,2017,43200,Diesel,Manual,First,13.68,2393.0,147.8,7.0,18.6
Hyundai Xcent 1.2 CRDi S,Jaipur,2018,25302,Diesel,Manual,First,25.4,1186.0,73.97,5.0,5.9
Toyota Innova Crysta 2.8 ZX AT,Kochi,2018,41736,Diesel,Automatic,First,11.36,2755.0,171.5,7.0,19.92
Renault KWID 1.0 RXT Optional,Jaipur,2017,63262,Petrol,Manual,First,21.7,999.0,67.0,5.0,3.25
Maruti Celerio VXI Optional AMT,Pune,2017,7500,Petrol,Automatic,First,23.1,998.0,67.04,5.0,5.0
Maruti Dzire VXI,Kolkata,2011,46687,Petrol,Manual,First,22.0,1197.0,81.8,5.0,2.7
Datsun redi-GO T Option,Bangalore,2016,20487,Petrol,Manual,First,22.7,799.0,53.64,5.0,2.66
Maruti Eeco 7 Seater Standard,Coimbatore,2012,56661,Petrol,Manual,First,15.1,1196.0,73.0,7.0,3.61
Honda City i-VTEC CVT VX,Mumbai,2015,30000,Petrol,Automatic,First,18.0,1497.0,117.3,5.0,8.65
Jeep Compass 2.0 Limited 4X4,Mumbai,2017,52000,Diesel,Manual,First,16.3,1956.0,170.0,5.0,20.0
Land Rover Range Rover Evoque 2.0 TD4 HSE Dynamic,Kochi,2018,31427,Diesel,Automatic,First,15.68,1999.0,177.0,5.0,59.72
Maruti Baleno Alpha Diesel,Kolkata,2016,29000,Diesel,Manual,First,27.39,1248.0,74.0,5.0,6.5
Mitsubishi Pajero Sport 4X4,Bangalore,2013,132000,Diesel,Manual,First,13.5,2477.0,175.56,7.0,12.49
Toyota Innova Crysta 2.4 ZX MT,Coimbatore,2018,92056,Diesel,Manual,First,13.68,2393.0,147.8,7.0,18.39
Honda Jazz VX Diesel,Mumbai,2016,38000,Diesel,Manual,First,27.3,1498.0,98.6,5.0,6.21
Mercedes-Benz C-Class Progressive C 220d,Mumbai,2018,8682,Diesel,Automatic,First,0.0,1950.0,194.0,5.0,39.5
BMW 5 Series 520d Luxury Line,Mumbai,2012,61240,Diesel,Automatic,First,22.48,1995.0,190.0,5.0,17.5
Renault KWID RXT Optional,Hyderabad,2018,1900,Petrol,Manual,First,25.17,799.0,53.3,5.0,4.45
Ford Ecosport Signature Edition Diesel,Coimbatore,2019,23154,Diesel,Manual,First,23.0,1498.0,98.96,5.0,11.65
Toyota Innova Crysta 2.4 GX MT,Chennai,2017,67489,Diesel,Manual,First,13.68,2393.0,147.8,7.0,16.5
Volkswagen Vento 1.5 TDI Comfortline,Coimbatore,2014,56658,Diesel,Manual,First,20.64,1498.0,108.5,5.0,5.39
Toyota Fortuner 2.8 4WD MT,Kochi,2013,105072,Diesel,Manual,First,14.24,2755.0,174.5,7.0,13.28
Jeep Compass 1.4 Limited Option,Mumbai,2017,4000,Petrol,Automatic,First,16.0,1368.0,160.0,5.0,17.75
Audi A4 35 TDI Technology,Hyderabad,2015,45000,Diesel,Automatic,First,18.25,1968.0,187.74,5.0,25.0
Ford EcoSport 1.5 Petrol Titanium Plus AT,Coimbatore,2018,18385,Petrol,Automatic,First,14.8,1497.0,121.36,5.0,12.41
Maruti S-Cross Zeta DDiS 200 SH,Coimbatore,2016,74611,Diesel,Manual,First,25.1,1248.0,88.5,5.0,7.94
Toyota Innova Crysta 2.8 ZX AT,Bangalore,2016,108000,Diesel,Automatic,First,11.36,2755.0,171.5,7.0,20.5
Maruti Ertiga VDI,Pune,2016,130000,Diesel,Manual,First,25.47,1248.0,88.5,7.0,7.0
Maruti Vitara Brezza ZDi Plus,Kochi,2019,34688,Diesel,Manual,First,24.3,1248.0,88.5,5.0,10.49
Tata Zest Revotron 1.2 XT,Mumbai,2014,40000,Petrol,Manual,First,17.57,1193.0,88.7,5.0,3.95
Maruti Vitara Brezza VDi,Kolkata,2017,35000,Diesel,Manual,First,24.3,1248.0,88.5,5.0,6.5
Mahindra XUV300 W8 Diesel,Chennai,2012,97000,Diesel,Manual,First,20.0,1497.0,115.0,5.0,7.25
Hyundai Verna CRDi 1.6 SX Option,Kochi,2014,89614,Diesel,Manual,First,22.0,1582.0,126.2,5.0,6.01
Tata Hexa XT,Delhi,2017,55000,Diesel,Manual,First,17.6,2179.0,153.86,7.0,12.0
Tata Tiago 1.2 Revotron XZ,Coimbatore,2018,9565,Petrol,Manual,First,23.84,1199.0,84.0,5.0,5.88
Mercedes-Benz E-Class E 220 d,Kochi,2018,20446,Petrol,Automatic,First,12.6,1950.0,191.34,5.0,51.35
Mini Cooper 5 DOOR D,Ahmedabad,2014,34000,Diesel,Automatic,First,20.7,1496.0,113.98,5.0,22.0
Hyundai Grand i10 1.2 Kappa Magna,Delhi,2017,8471,Petrol,Manual,First,18.9,1197.0,81.86,5.0,5.0
Toyota Innova Crysta 2.8 ZX AT,Hyderabad,2016,69000,Diesel,Automatic,First,11.36,2755.0,171.5,7.0,19.75
Renault Duster 110PS Diesel RxZ AMT,Coimbatore,2017,30090,Diesel,Automatic,First,19.6,1461.0,108.45,5.0,11.44
Mahindra Bolero ZLX,Mumbai,2016,40448,Diesel,Manual,First,15.96,2523.0,62.1,7.0,3.5
Maruti Vitara Brezza ZDi,Coimbatore,2018,64456,Diesel,Manual,First,24.3,1248.0,88.5,5.0,10.46
Honda Amaze S Petrol,Kochi,2016,51672,Petrol,Manual,First,19.5,1199.0,88.76,5.0,5.68
Hyundai Grand i10 1.2 Kappa Asta,Hyderabad,2017,20000,Petrol,Manual,First,18.9,1197.0,81.86,5.0,5.98
Hyundai Grand i10 1.2 Kappa Magna,Kochi,2018,50234,Petrol,Manual,First,18.9,1197.0,81.86,5.0,4.77
Hyundai Verna VTVT 1.6 AT SX Option,Mumbai,2015,40600,Petrol,Automatic,First,17.0,1591.0,121.3,5.0,7.2
Hyundai Verna CRDi 1.6 AT SX Option,Ahmedabad,2013,87000,Diesel,Automatic,First,22.0,1582.0,126.2,5.0,5.9
Volvo S60 D4 Momentum,Hyderabad,2015,51000,Diesel,Automatic,First,27.03,1969.0,190.0,5.0,25.0
BMW 3 Series 320d Luxury Line,Chennai,2012,65000,Diesel,Automatic,First,22.69,1995.0,190.0,5.0,14.0
Toyota Innova Crysta 2.4 VX MT,Hyderabad,2017,24393,Diesel,Manual,First,13.68,2393.0,147.8,7.0,20.4
Volkswagen Polo 1.0 MPI Trendline,Hyderabad,2019,1000,Petrol,Manual,First,18.78,999.0,75.0,5.0,5.68
Mitsubishi Pajero Sport 4X4,Mumbai,2013,59000,Diesel,Manual,First,13.5,2477.0,175.56,7.0,12.75
Toyota Corolla Altis 1.8 VL CVT,Delhi,2017,21000,Petrol,Automatic,First,14.28,1798.0,138.03,5.0,18.0
Toyota Corolla Altis 1.4 DG,Ahmedabad,2012,52000,Diesel,Manual,First,21.43,1364.0,86.79,5.0,6.5
Jaguar XE 2.0L Diesel Prestige,Delhi,2018,1000,Diesel,Automatic,First,13.6,1999.0,177.0,5.0,40.0
Mahindra Xylo D4,Chennai,2016,85000,Diesel,Manual,First,14.95,2489.0,93.7,7.0,6.15
Maruti Swift VDI,Kochi,2017,34613,Diesel,Manual,First,28.4,1248.0,74.0,5.0,6.24
Hyundai Xcent 1.2 VTVT S,Bangalore,2014,54000,Petrol,Manual,First,20.14,1197.0,81.86,5.0,5.5
Honda City i-VTEC CVT VX,Kochi,2018,22974,Petrol,Automatic,First,18.0,1497.0,117.3,5.0,11.97
Toyota Fortuner 2.8 2WD MT,Ahmedabad,2015,65012,Diesel,Manual,First,14.24,2755.0,174.5,7.0,18.9
Maruti Eeco 7 Seater Standard,Hyderabad,2015,90413,Petrol,Manual,First,15.1,1196.0,73.0,7.0,2.95
Maruti Swift LDI,Mumbai,2015,14000,Diesel,Manual,First,28.4,1248.0,74.0,5.0,5.25
BMW 5 Series 520d Luxury Line,Coimbatore,2012,44450,Diesel,Automatic,First,22.48,1995.0,190.0,5.0,24.68
BMW X1 M Sport sDrive 20d,Mumbai,2016,31000,Diesel,Automatic,First,17.05,1995.0,190.0,5.0,29.5
Hyundai Verna CRDi 1.4 E,Chennai,2008,121097,Diesel,Manual,Second,24.0,1396.0,88.76,5.0,1.9
Fiat Linea Classic Plus 1.3 Multijet,Jaipur,2013,86000,Diesel,Manual,Second,19.5,1248.0,75.0,5.0,2.5
BMW 3 Series 320d Luxury Line,Kochi,2013,37613,Diesel,Automatic,First,22.69,1995.0,190.0,5.0,13.95
Maruti Ignis 1.2 Delta,Coimbatore,2019,16862,Petrol,Manual,First,20.89,1197.0,81.8,5.0,6.06
Maruti Wagon R CNG LXI,Pune,2013,79494,CNG,Manual,First,33.54,998.0,67.04,5.0,2.96
Audi Q7 45 TDI Quattro Technology,Mumbai,2016,20002,Diesel,Automatic,First,14.75,2967.0,245.0,7.0,67.0
Maruti Alto K10 VXI,Kolkata,2018,2100,Petrol,Manual,First,24.07,998.0,67.1,5.0,3.6
Hyundai Grand i10 1.2 Kappa Sportz AT,Coimbatore,2018,20667,Petrol,Automatic,First,18.9,1197.0,81.86,5.0,7.55
Hyundai Grand i10 1.2 Kappa Sportz,Kochi,2019,18453,Petrol,Manual,First,18.9,1197.0,81.86,5.0,6.17
Hyundai Verna CRDi 1.6 SX,Hyderabad,2008,96578,Diesel,Manual,First,22.0,1582.0,126.2,5.0,2.5
Renault Duster 110PS Diesel RxZ AMT,Bangalore,2016,45000,Diesel,Automatic,First,19.6,1461.0,108.45,5.0,11.5
Hyundai Grand i10 1.2 Kappa Magna AT,Bangalore,2018,3000,Petrol,Automatic,First,18.9,1197.0,81.86,5.0,6.2
Toyota Innova Crysta 2.8 ZX AT,Kolkata,2016,66618,Diesel,Automatic,First,11.36,2755.0,171.5,7.0,15.49
Tata Zest Revotron 1.2T XM,Mumbai,2016,43706,Petrol,Manual,First,17.57,1193.0,88.7,5.0,4.0
Toyota Innova Crysta 2.4 VX MT,Kochi,2018,8899,Diesel,Manual,First,13.68,2393.0,147.8,7.0,19.92
Ford EcoSport 1.5 Petrol Titanium,Pune,2018,17000,Petrol,Manual,First,17.0,1497.0,121.36,5.0,9.2
Maruti Alto K10 VXI,Hyderabad,2016,10000,Petrol,Manual,First,24.07,998.0,67.1,5.0,3.5
Toyota Corolla Altis 1.8 G,Mumbai,2010,93000,Petrol,Manual,First,14.28,1798.0,138.03,5.0,4.5
Hyundai Elantra 2.0 SX Option AT,Delhi,2017,9500,Petrol,Automatic,First,14.62,1999.0,149.92,5.0,16.35
Hyundai Creta 1.6 SX Automatic Diesel,Chennai,2016,55000,Diesel,Automatic,First,17.6,1582.0,126.2,5.0,12.5
Volkswagen Ameo 1.5 TDI Comfortline,Jaipur,2016,58095,Diesel,Manual,First,21.66,1498.0,108.62,5.0,5.8
Tata Zest Revotron 1.2 XT,Kolkata,2015,7445,Petrol,Manual,First,17.57,1193.0,88.7,5.0,5.0
Toyota Corolla Altis 1.8 VL CVT,Kochi,2018,28321,Petrol,Automatic,First,14.28,1798.0,138.03,5.0,17.49
Land Rover Range Rover Sport SE,Kochi,2019,26013,Diesel,Automatic,First,12.65,2993.0,255.0,5.0,97.07
Maruti Dzire AMT ZDI Plus,Hyderabad,2017,28226,Diesel,Automatic,First,28.4,1248.0,73.75,5.0,9.15
Ford EcoSport 1.5 Diesel Titanium Plus,Chennai,2016,29200,Diesel,Manual,First,23.0,1498.0,98.96,5.0,7.7
Tata Zest Quadrajet 1.3 XT,Coimbatore,2018,38310,Diesel,Manual,First,20.65,1248.0,88.7,5.0,6.69
Skoda Rapid 1.5 TDI AT Style,Kolkata,2017,31300,Diesel,Automatic,First,21.72,1498.0,108.4,5.0,10.5
Toyota Innova Crysta 2.4 VX MT 8S,Coimbatore,2019,11241,Diesel,Manual,First,13.68,2393.0,147.8,8.0,22.55
Mahindra Thar CRDe,Jaipur,2016,19000,Diesel,Manual,First,16.55,2498.0,105.0,6.0,9.25
Ford Aspire Titanium Diesel,Coimbatore,2017,30279,Diesel,Manual,First,26.1,1498.0,99.0,5.0,7.29
Mini Cooper 3 DOOR D,Mumbai,2016,20000,Diesel,Automatic,First,20.7,1496.0,113.98,4.0,23.5
Mahindra Verito 1.5 D4 BSIV,Pune,2015,90000,Diesel,Manual,Second,21.03,1461.0,65.0,5.0,3.1
Volkswagen Ameo 1.2 MPI Highline,Coimbatore,2017,22389,Petrol,Manual,First,17.0,1198.0,73.75,5.0,7.23
Land Rover Discovery Sport TD4 HSE 7S,Mumbai,2017,40000,Diesel,Automatic,First,12.81,1999.0,148.31,7.0,41.5
Volkswagen Tiguan 2.0 TDI Highline,Jaipur,2017,50510,Diesel,Automatic,First,17.06,1968.0,141.0,5.0,24.9
Audi Q7 45 TDI Quattro Premium Plus,Kochi,2019,6773,Diesel,Automatic,First,14.75,2967.0,245.0,7.0,72.94
Mahindra Bolero ZLX,Jaipur,2013,63000,Diesel,Manual,First,15.96,2523.0,62.1,7.0,5.5
BMW X1 M Sport sDrive 20d,Kochi,2017,32838,Diesel,Automatic,First,17.05,1995.0,190.0,5.0,30.29
Jaguar XE 2.0L Diesel Prestige,Hyderabad,2017,4000,Diesel,Automatic,First,13.6,1999.0,177.0,5.0,38.0
Maruti Wagon R LXI,Delhi,2012,45631,Petrol,Manual,Second,22.5,998.0,67.04,5.0,2.74
Hyundai Grand i10 1.2 Kappa Magna,Delhi,2017,12248,Petrol,Manual,First,18.9,1197.0,81.86,5.0,4.9
Maruti Alto K10 VXI,Coimbatore,2011,48624,Petrol,Manual,First,24.07,998.0,67.1,5.0,3.22
BMW 5 Series 520d Luxury Line,Kochi,2018,32586,Diesel,Automatic,First,22.48,1995.0,190.0,5.0,37.3
Mercedes-Benz GLE 350d,Coimbatore,2018,40129,Diesel,Automatic,First,11.57,2987.0,254.79,5.0,70.8
Hyundai Grand i10 1.2 Kappa Sportz,Kochi,2018,10393,Petrol,Manual,First,18.9,1197.0,81.86,5.0,6.03
Honda Amaze V CVT Petrol,Pune,2018,1700,Petrol,Automatic,First,19.0,1199.0,88.76,5.0,7.8
Audi Q3 35 TDI Quattro Premium Plus,Coimbatore,2016,58661,Diesel,Automatic,First,15.17,1968.0,181.0,5.0,28.03
Mahindra Xylo D4,Hyderabad,2015,169000,Diesel,Manual,First,14.95,2489.0,93.7,7.0,5.0
Maruti Ciaz Zeta,Mumbai,2017,5500,Petrol,Manual,First,21.56,1462.0,103.25,5.0,8.2
Maruti Wagon R LXI,Ahmedabad,2010,21002,Petrol,Manual,First,22.5,998.0,67.04,5.0,2.75
Maruti Eeco 7 Seater Standard,Coimbatore,2017,28371,Petrol,Manual,First,15.1,1196.0,73.0,7.0,4.74
Renault KWID Climber 1.0 MT,Delhi,2017,15000,Petrol,Manual,First,21.7,999.0,67.0,5.0,4.25
Honda WRV i-VTEC VX,Kochi,2018,15135,Petrol,Manual,First,17.5,1199.0,88.7,5.0,9.29
Maruti Wagon R VXI AMT,Coimbatore,2017,37832,Petrol,Automatic,First,22.5,998.0,67.0,5.0,5.23
Hyundai Grand i10 1.2 Kappa Asta,Coimbatore,2016,43041,Petrol,Manual,First,18.9,1197.0,81.86,5.0,6.01
Hyundai Grand i10 1.2 Kappa Magna,Kolkata,2017,31184,Petrol,Manual,First,18.9,1197.0,81.86,5.0,5.0
Maruti Dzire AMT ZDI Plus,Pune,2017,41747,Diesel,Automatic,First,28.4,1248.0,73.75,5.0,9.0
Toyota Etios Liva 1.2 VX Dual Tone,Coimbatore,2019,20877,Petrol,Manual,First,18.16,1197.0,78.9,5.0,7.27
Maruti Swift VXI,Mumbai,2016,23555,Petrol,Manual,First,22.0,1197.0,81.8,5.0,5.1
Volkswagen Polo GT TSI,Mumbai,2016,28000,Petrol,Automatic,First,17.21,1197.0,103.5,5.0,7.25
Tata Bolt Quadrajet XE,Hyderabad,2017,40000,Diesel,Manual,First,22.95,1248.0,74.0,5.0,5.25
Hyundai Elantra 1.6 SX Option AT,Ahmedabad,2014,49000,Diesel,Automatic,First,18.23,1582.0,126.2,5.0,8.9
Jeep Compass 2.0 Limited Option Black,Mumbai,2017,7000,Diesel,Manual,First,17.1,1956.0,170.0,5.0,17.45
Toyota Corolla Altis 1.8 GL,Kochi,2012,83184,Petrol,Manual,First,14.28,1798.0,138.03,5.0,6.22
Mercedes-Benz GLE 350d,Coimbatore,2017,33552,Diesel,Automatic,First,11.57,2987.0,254.79,5.0,64.87
Mercedes-Benz A Class A180 Sport,Mumbai,2016,17000,Petrol,Automatic,First,15.5,1595.0,122.0,5.0,17.25
Hyundai Grand i10 1.2 Kappa Magna,Kochi,2018,46493,Petrol,Manual,First,18.9,1197.0,81.86,5.0,5.53
BMW 3 Series 320d,Ahmedabad,2011,100000,Diesel,Automatic,Second,22.69,1995.0,190.0,5.0,10.9
Maruti Eeco 7 Seater Standard,Mumbai,2014,34669,Petrol,Manual,First,15.1,1196.0,73.0,7.0,2.9
Toyota Innova Crysta 2.8 GX AT,Kochi,2019,10601,Diesel,Automatic,First,11.36,2755.0,171.5,7.0,19.65
Mercedes-Benz GLS 350d Grand Edition,Delhi,2018,6000,Diesel,Automatic,First,11.0,2987.0,258.0,7.0,79.0
Hyundai Grand i10 1.2 Kappa Sportz,Delhi,2018,9434,Petrol,Manual,First,18.9,1197.0,81.86,5.0,5.75
Volkswagen Ameo 1.2 MPI Highline,Coimbatore,2018,35569,Petrol,Manual,First,17.0,1198.0,73.75,5.0,7.27
Toyota Fortuner 2.8 2WD AT,Ahmedabad,2017,15000,Diesel,Automatic,First,12.9,2755.0,174.5,7.0,30.0
Maruti Dzire VDI,Delhi,2016,45376,Diesel,Manual,First,28.4,1248.0,73.75,5.0,5.75
Ford EcoSport 1.5 Diesel Titanium Plus,Kochi,2017,78526,Diesel,Manual,First,23.0,1498.0,98.96,5.0,8.09
BMW X1 sDrive 20d xLine,Coimbatore,2015,42265,Diesel,Automatic,Second,20.68,1995.0,190.0,5.0,22.24
Ford EcoSport 1.5 Diesel Titanium,Mumbai,2017,26000,Diesel,Manual,First,23.0,1498.0,98.96,5.0,8.99
Maruti Dzire ZDI Plus,Jaipur,2017,24000,Diesel,Manual,First,28.4,1248.0,73.75,5.0,8.2
Hyundai Verna VTVT 1.6 SX Option,Delhi,2013,57478,Petrol,Manual,Second,17.0,1591.0,121.3,5.0,5.25
Maruti Vitara Brezza ZDi,Hyderabad,2016,41372,Diesel,Manual,First,24.3,1248.0,88.5,5.0,9.3
Mercedes-Benz GLA Class 200 d Sport,Pune,2017,35000,Diesel,Automatic,First,17.9,2143.0,136.0,5.0,23.5
Maruti Dzire VDI,Mumbai,2012,74000,Diesel,Manual,Second,28.4,1248.0,73.75,5.0,4.25
Jeep Compass 2.0 Longitude,Kochi,2018,28937,Diesel,Manual,First,17.1,1956.0,170.0,5.0,17.02
Toyota Corolla Altis 1.4 DG,Coimbatore,2013,63854,Diesel,Manual,First,21.43,1364.0,86.79,5.0,7.12
Maruti Vitara Brezza ZDi Plus AMT Dual Tone,Chennai,2018,3000,Diesel,Automatic,First,24.3,1248.0,88.5,5.0,11.25
Hyundai Xcent 1.2 VTVT SX,Mumbai,2014,64241,Petrol,Manual,First,20.14,1197.0,81.86,5.0,3.67
BMW X1 sDrive 20d xLine,Bangalore,2016,28143,Diesel,Automatic,First,20.68,1995.0,190.0,5.0,28.5
Toyota Innova Crysta 2.4 VX MT,Hyderabad,2017,67000,Diesel,Manual,First,13.68,2393.0,147.8,7.0,16.5
Hyundai Grand i10 1.2 Kappa Magna AT,Kochi,2018,5354,Petrol,Automatic,First,18.9,1197.0,81.86,5.0,6.76
Volkswagen Polo 1.0 MPI Comfortline,Chennai,2016,42000,Petrol,Manual,Second,18.78,999.0,75.0,5.0,5.5
Maruti Eeco 7 Seater Standard,Coimbatore,2013,54885,Petrol,Manual,First,15.1,1196.0,73.0,7.0,3.75
Toyota Innova Crysta 2.4 VX MT,Mumbai,2016,25121,Diesel,Manual,First,13.68,2393.0,147.8,7.0,17.11
Mahindra Bolero SLE,Hyderabad,2012,75000,Diesel,Manual,First,15.96,2523.0,62.1,7.0,4.3
Maruti Ignis 1.2 Alpha,Mumbai,2017,1000,Petrol,Manual,First,20.89,1197.0,81.8,5.0,6.36
BMW 7 Series 730Ld Eminence,Kochi,2015,29966,Diesel,Automatic,Second,16.77,2993.0,261.49,5.0,43.6
Maruti Wagon R CNG LXI,Mumbai,2013,54000,CNG,Manual,First,33.54,998.0,67.04,5.0,3.05
Jeep Compass 2.0 Longitude,Coimbatore,2018,33218,Diesel,Manual,First,17.1,1956.0,170.0,5.0,19.05
Mini Cooper 5 DOOR D,Hyderabad,2017,2000,Diesel,Automatic,First,20.7,1496.0,113.98,5.0,34.0
Tata Zest Revotron 1.2T XMS,Chennai,2015,40000,Petrol,Manual,First,17.57,1193.0,88.7,5.0,4.0
Ford Aspire Titanium Plus Diesel,Kolkata,2015,2800,Diesel,Manual,First,26.1,1498.0,99.0,5.0,8.41
Hyundai Grand i10 1.2 Kappa Asta,Coimbatore,2016,37429,Petrol,Manual,First,18.9,1197.0,81.86,5.0,5.89
Honda City i-VTEC V,Delhi,2011,67031,Petrol,Manual,First,17.4,1497.0,117.3,5.0,4.0
Maruti Celerio VXI AMT,Mumbai,2016,47691,Petrol,Automatic,First,23.1,998.0,67.04,5.0,3.94
Maruti Dzire VDI,Kolkata,2015,28193,Diesel,Manual,First,28.4,1248.0,73.75,5.0,5.25
Mercedes-Benz SLC 43 AMG,Coimbatore,2019,2526,Petrol,Automatic,First,19.0,2996.0,362.07,2.0,83.96
Mercedes-Benz E-Class E 220 d,Hyderabad,2013,85000,Diesel,Automatic,First,16.1,1950.0,194.0,5.0,21.0
Hyundai Grand i10 1.2 Kappa Sportz,Ahmedabad,2015,20780,Petrol,Manual,First,18.9,1197.0,81.86,5.0,4.3
Mercedes-Benz GLE 250d,Kochi,2017,25601,Diesel,Automatic,First,17.9,2143.0,201.15,5.0,56.73
Ford Freestyle Titanium Petrol,Mumbai,2007,1261,Petrol,Manual,First,19.0,1194.0,94.68,5.0,6.0
Hyundai Elite i20 Asta Option,Coimbatore,2017,59450,Petrol,Manual,First,18.6,1197.0,81.86,5.0,7.53
Maruti Baleno Delta,Mumbai,2016,12573,Petrol,Manual,First,21.4,1197.0,83.1,5.0,5.8
Toyota Fortuner 2.8 2WD AT,Pune,2017,29000,Diesel,Automatic,First,12.9,2755.0,174.5,7.0,31.0
Maruti Ertiga ZDI,Delhi,2013,68000,Diesel,Manual,First,25.47,1248.0,88.5,7.0,4.85
Maruti Swift VDI,Hyderabad,2013,84000,Diesel,Manual,First,28.4,1248.0,74.0,5.0,5.65
Hyundai Creta 1.6 SX Option,Delhi,2016,24347,Petrol,Manual,First,15.8,1591.0,121.3,5.0,11.0
Honda City i-VTEC CVT VX,Mumbai,2017,17000,Petrol,Automatic,First,18.0,1497.0,117.3,5.0,11.6
Honda Brio 1.2 VX MT,Kochi,2014,41460,Petrol,Manual,First,18.5,1198.0,86.8,5.0,3.95
Land Rover Discovery HSE Luxury 3.0 TD6,Mumbai,2017,35000,Diesel,Automatic,First,18.0,2993.0,255.0,7.0,41.6
Toyota Fortuner 2.8 4WD MT,Bangalore,2015,150386,Diesel,Manual,First,14.24,2755.0,174.5,7.0,23.0
Maruti Vitara Brezza ZDi Plus,Ahmedabad,2017,80000,Diesel,Manual,First,24.3,1248.0,88.5,5.0,8.0
Hyundai Tucson 2.0 Dual VTVT 2WD AT GL,Mumbai,2016,13000,Petrol,Automatic,First,12.95,1999.0,152.88,5.0,17.75
Maruti Wagon R VXI,Kolkata,2016,16956,Petrol,Manual,First,22.5,998.0,67.04,5.0,3.6
Maruti Wagon R VXI,Mumbai,2010,38000,Petrol,Manual,Second,22.5,998.0,67.04,5.0,1.75
Honda Brio 1.2 VX AT,Mumbai,2017,20000,Petrol,Automatic,First,16.5,1198.0,86.8,5.0,5.99
Toyota Etios Cross 1.4L GD,Kochi,2016,36681,Diesel,Manual,First,23.59,1364.0,67.06,5.0,6.71
Honda City i-VTEC CVT ZX,Coimbatore,2018,20300,Petrol,Automatic,First,18.0,1497.0,117.3,5.0,14.21
Maruti Celerio ZXI MT,Kochi,2017,21799,Petrol,Manual,First,23.1,998.0,67.04,5.0,5.11
Toyota Innova Crysta 2.8 ZX AT,Hyderabad,2017,35358,Diesel,Automatic,First,11.36,2755.0,171.5,7.0,22.99
Tata Tiago 1.2 Revotron XT,Jaipur,2016,42700,Petrol,Manual,First,23.84,1199.0,84.0,5.0,3.6
Toyota Fortuner 2.8 4WD MT,Hyderabad,2010,110000,Diesel,Manual,First,14.24,2755.0,174.5,7.0,13.7
Maruti Wagon R VXI 1.2,Mumbai,2015,55000,Petrol,Manual,First,21.5,1197.0,81.8,5.0,3.1
Honda City i-DTEC ZX,Hyderabad,2017,46000,Diesel,Manual,First,25.6,1498.0,98.6,5.0,12.9
BMW 5 Series 520d Luxury Line,Ahmedabad,2012,95000,Diesel,Automatic,Second,22.48,1995.0,190.0,5.0,17.5
Ford EcoSport 1.5 Diesel Titanium,Delhi,2017,39000,Diesel,Manual,First,23.0,1498.0,98.96,5.0,8.45
Toyota Fortuner 2.8 4WD MT,Mumbai,2010,140000,Diesel,Manual,First,14.24,2755.0,174.5,7.0,10.75
Maruti Swift VDI,Kochi,2016,62192,Diesel,Manual,First,28.4,1248.0,74.0,5.0,5.22
Maruti Ciaz Alpha,Kochi,2018,38394,Petrol,Manual,First,21.56,1462.0,103.25,5.0,9.18
Hyundai Elantra 2.0 SX Option AT,Delhi,2016,28000,Petrol,Automatic,First,14.62,1999.0,149.92,5.0,13.9
Volkswagen Vento 1.5 TDI Trendline,Mumbai,2011,47000,Diesel,Manual,First,20.64,1498.0,108.5,5.0,3.25
Mercedes-Benz E-Class E 350 d,Coimbatore,2019,9312,Diesel,Automatic,First,18.0,2987.0,258.0,5.0,78.8
Hyundai Elantra 2.0 SX Option AT,Coimbatore,2015,58239,Petrol,Automatic,First,14.62,1999.0,149.92,5.0,9.69
Nissan Terrano XL D Option,Mumbai,2014,51000,Diesel,Manual,First,19.87,1461.0,83.14,5.0,5.65
Toyota Fortuner 2.8 2WD AT,Ahmedabad,2016,88008,Diesel,Automatic,Second,12.9,2755.0,174.5,7.0,22.5
Mercedes-Benz GLA Class 200 d Sport,Mumbai,2018,10000,Diesel,Automatic,First,17.9,2143.0,136.0,5.0,28.9
Mini Cooper Convertible S,Chennai,2012,17000,Petrol,Automatic,Second,16.82,1998.0,189.08,4.0,22.0
Mini Cooper 3 DOOR S,Mumbai,2013,21000,Petrol,Automatic,First,17.44,1998.0,189.08,4.0,21.5
Maruti Wagon R CNG LXI,Pune,2014,29202,CNG,Manual,First,33.54,998.0,67.04,5.0,3.9
Skoda Rapid 1.6 MPI AT Ambition,Mumbai,2017,32000,Petrol,Automatic,First,14.84,1598.0,103.52,5.0,8.11
Maruti Ertiga VDI,Delhi,2017,65000,Diesel,Manual,First,25.47,1248.0,88.5,7.0,7.65
Ford EcoSport 1.5 Petrol Trend,Kolkata,2016,21460,Petrol,Manual,First,17.0,1497.0,121.36,5.0,6.0
Honda Jazz V CVT,Hyderabad,2015,33000,Petrol,Automatic,First,19.0,1199.0,88.7,5.0,7.25
Maruti Vitara Brezza ZDi Plus,Jaipur,2017,48324,Diesel,Manual,First,24.3,1248.0,88.5,5.0,9.0
Hyundai Grand i10 1.2 CRDi Sportz,Kochi,2017,20773,Diesel,Manual,First,24.0,1186.0,73.97,5.0,5.92
Volkswagen Polo 1.5 TDI Highline,Kolkata,2016,22000,Diesel,Manual,First,20.14,1498.0,88.0,5.0,6.29
BMW 3 Series 320d,Mumbai,2013,25000,Diesel,Automatic,First,22.69,1995.0,190.0,5.0,17.99
Mahindra Xylo H4,Chennai,2015,82000,Diesel,Manual,Second,14.02,2179.0,118.3,7.0,4.85
Maruti Dzire VDI,Hyderabad,2011,110000,Diesel,Manual,First,28.4,1248.0,73.75,5.0,4.0
Volkswagen Polo 1.5 TDI Highline,Delhi,2012,68038,Diesel,Manual,First,20.14,1498.0,88.0,5.0,3.6
BMW 5 Series 520d Luxury Line,Ahmedabad,2013,55000,Diesel,Automatic,First,22.48,1995.0,190.0,5.0,21.75
Mercedes-Benz GLC 220d 4MATIC Sport,Mumbai,2017,25000,Diesel,Automatic,First,17.9,2143.0,170.0,5.0,45.0
Maruti Alto K10 VXI,Coimbatore,2011,46808,Petrol,Manual,Second,24.07,998.0,67.1,5.0,3.19
Hyundai Xcent 1.2 VTVT S,Coimbatore,2015,65743,Petrol,Manual,First,20.14,1197.0,81.86,5.0,6.2
Hyundai Creta 1.6 SX Option,Mumbai,2016,29477,Petrol,Manual,First,15.8,1591.0,121.3,5.0,10.25
Toyota Fortuner 2.8 2WD AT,Delhi,2017,40000,Diesel,Automatic,First,12.9,2755.0,174.5,7.0,30.0
Ford EcoSport 1.5 Diesel Titanium,Mumbai,2017,30000,Diesel,Manual,First,23.0,1498.0,98.96,5.0,8.99
Tata Zest Revotron 1.2T XE,Delhi,2017,47000,Petrol,Manual,Second,17.57,1193.0,88.7,5.0,4.5
Maruti Vitara Brezza ZDi Plus Dual Tone,Kochi,2017,45362,Diesel,Manual,First,24.3,1248.0,88.5,5.0,9.38
Tata Hexa XTA,Coimbatore,2019,14233,Diesel,Automatic,First,17.6,2179.0,153.86,7.0,17.85
Skoda Superb Style 1.8 TSI AT,Mumbai,2010,62004,Petrol,Automatic,Second,14.67,1798.0,177.46,5.0,3.75
Volkswagen Vento 1.5 TDI Highline AT,Mumbai,2016,25500,Diesel,Automatic,First,21.5,1498.0,108.5,5.0,8.95
Mercedes-Benz E-Class E 220 d,Mumbai,2018,11000,Diesel,Automatic,First,16.1,1950.0,194.0,5.0,56.5
BMW 3 Series 320d Luxury Line,Mumbai,2014,18600,Diesel,Automatic,Second,22.69,1995.0,190.0,5.0,21.0
Land Rover Discovery SE 3.0 TD6,Delhi,2016,59000,Diesel,Automatic,First,18.0,2993.0,255.0,7.0,36.75
Mercedes-Benz CLA 200 CDI Sport,Coimbatore,2017,20969,Diesel,Automatic,First,17.9,2143.0,136.0,5.0,27.87
Maruti Vitara Brezza ZDi,Kolkata,2018,2900,Diesel,Manual,First,24.3,1248.0,88.5,5.0,8.75
Skoda Rapid 1.5 TDI Ambition,Coimbatore,2018,5833,Diesel,Manual,First,21.13,1498.0,108.4,5.0,11.92
Mahindra NuvoSport N8,Coimbatore,2017,37712,Diesel,Manual,First,17.45,1493.0,100.0,7.0,7.57
Datsun redi-GO T Option,Kochi,2018,30953,Petrol,Manual,First,22.7,799.0,53.64,5.0,3.48
Jeep Compass 2.0 Limited 4X4,Coimbatore,2018,48188,Diesel,Manual,First,16.3,1956.0,170.0,5.0,21.69
Toyota Innova Crysta 2.8 ZX AT,Coimbatore,2017,65367,Diesel,Automatic,First,11.36,2755.0,171.5,7.0,20.14
Maruti Wagon R VXI AMT,Mumbai,2016,8000,Petrol,Automatic,First,22.5,998.0,67.0,5.0,4.15
Maruti Alto K10 VXI,Mumbai,2016,13198,Petrol,Manual,First,24.07,998.0,67.1,5.0,3.15
Tata Tiago AMT 1.2 Revotron XZA,Coimbatore,2019,15379,Petrol,Automatic,First,23.84,1199.0,83.83,5.0,6.97
Mini Cooper Convertible S,Mumbai,2016,15000,Petrol,Automatic,First,16.82,1998.0,189.08,4.0,35.0
Hyundai Verna CRDi 1.6 SX Option,Pune,2017,50000,Diesel,Manual,First,22.0,1582.0,126.2,5.0,11.5
Renault Duster 85PS Diesel RxE,Pune,2016,54000,Diesel,Manual,First,19.87,1461.0,83.8,5.0,6.5
Honda BRV i-VTEC V MT,Pune,2016,9200,Petrol,Manual,First,15.4,1497.0,117.3,7.0,8.0
Honda Amaze S Diesel,Hyderabad,2015,29000,Diesel,Manual,First,27.4,1498.0,98.6,5.0,5.99
Maruti Alto K10 VXI,Kochi,2018,46805,Petrol,Manual,First,24.07,998.0,67.1,5.0,3.63
Tata Zest Revotron 1.2T XE,Mumbai,2017,100000,Petrol,Manual,First,17.57,1193.0,88.7,5.0,4.25
Maruti Wagon R LXI,Kochi,2011,15466,Petrol,Manual,First,22.5,998.0,67.04,5.0,3.36
BMW 3 Series 320d,Kolkata,2011,70000,Diesel,Automatic,First,22.69,1995.0,190.0,5.0,10.3
Maruti Wagon R VXI,Kochi,2014,41994,Petrol,Manual,First,22.5,998.0,67.04,5.0,3.41
Audi Q3 35 TDI Quattro Premium Plus,Bangalore,2015,51000,Diesel,Automatic,First,15.17,1968.0,181.0,5.0,27.5
Maruti Wagon R VXI 1.2,Jaipur,2015,64876,Petrol,Manual,First,21.5,1197.0,81.8,5.0,3.5
Maruti Celerio CNG VXI MT,Kochi,2016,70536,CNG,Manual,First,31.79,998.0,58.33,5.0,4.58
Maruti Vitara Brezza ZDi Plus Dual Tone,Coimbatore,2017,25299,Diesel,Manual,First,24.3,1248.0,88.5,5.0,10.34
Honda Amaze V Petrol,Kochi,2016,40866,Petrol,Manual,First,19.5,1199.0,86.76,5.0,5.47
Mini Cooper Convertible S,Kochi,2017,20469,Petrol,Automatic,First,16.82,1998.0,189.08,4.0,35.98
Volkswagen Ameo 1.5 TDI Highline,Kochi,2018,31426,Diesel,Manual,First,21.66,1498.0,108.62,5.0,7.9
Maruti Baleno Alpha CVT,Kochi,2019,13574,Petrol,Automatic,First,21.4,1197.0,83.1,5.0,9.51
BMW 5 Series 520d Luxury Line,Ahmedabad,2013,90000,Diesel,Automatic,First,22.48,1995.0,190.0,5.0,19.5
Maruti Vitara Brezza ZDi Plus,Kochi,2017,38426,Diesel,Manual,First,24.3,1248.0,88.5,5.0,9.13
Maruti Eeco 7 Seater Standard,Pune,2011,45000,Petrol,Manual,First,15.1,1196.0,73.0,7.0,2.25
Maruti Wagon R LXI,Mumbai,2010,37822,Petrol,Manual,First,22.5,998.0,67.04,5.0,2.35
Toyota Innova Crysta 2.4 VX MT 8S,Coimbatore,2017,72202,Diesel,Manual,First,13.68,2393.0,147.8,8.0,17.92
Mercedes-Benz GLE 350d,Coimbatore,2018,30706,Diesel,Automatic,First,11.57,2987.0,254.79,5.0,59.29
Maruti Baleno Alpha,Mumbai,2016,12208,Petrol,Manual,First,21.4,1197.0,83.1,5.0,6.75
Volkswagen Polo GT TSI,Mumbai,2017,27853,Petrol,Automatic,First,17.21,1197.0,103.5,5.0,8.25
Hyundai Grand i10 1.2 Kappa Sportz,Kochi,2018,20689,Petrol,Manual,First,18.9,1197.0,81.86,5.0,6.07
Renault KWID 1.0 RXT Optional AMT,Coimbatore,2017,53285,Petrol,Automatic,First,22.5,999.0,67.0,5.0,4.28
Mercedes-Benz GLE 350d,Mumbai,2017,19863,Diesel,Automatic,First,11.57,2987.0,254.79,5.0,64.95
Hyundai Grand i10 1.2 Kappa Sportz,Mumbai,2018,3958,Petrol,Manual,First,18.9,1197.0,81.86,5.0,5.55
BMW X3 xDrive 20d Luxury Line,Hyderabad,2009,58000,Diesel,Automatic,First,18.56,1995.0,190.0,5.0,17.98
Renault KWID 1.0 RXT Optional,Kochi,2018,18335,Petrol,Manual,First,21.7,999.0,67.0,5.0,4.5
Volkswagen Polo GT TSI,Mumbai,2017,25000,Petrol,Automatic,First,17.21,1197.0,103.5,5.0,7.75
Toyota Fortuner 2.8 2WD AT,Kochi,2019,21719,Diesel,Automatic,First,12.9,2755.0,174.5,7.0,33.13
Renault KWID Climber 1.0 MT,Hyderabad,2018,4126,Petrol,Manual,First,21.7,999.0,67.0,5.0,4.8
Tata Bolt Quadrajet XM,Hyderabad,2017,98500,Diesel,Manual,First,22.95,1248.0,74.0,5.0,6.0
BMW 3 Series 320d,Coimbatore,2009,103905,Diesel,Automatic,First,22.69,1995.0,190.0,5.0,9.92
Audi A6 35 TDI Matrix,Delhi,2014,56000,Diesel,Automatic,First,18.53,1968.0,187.74,5.0,24.0
Volkswagen Vento 1.5 TDI Highline AT,Kochi,2017,33550,Diesel,Automatic,First,21.5,1498.0,108.5,5.0,9.6
Audi A6 35 TDI Matrix,Hyderabad,2014,62000,Diesel,Automatic,First,18.53,1968.0,187.74,5.0,25.0
Ford EcoSport 1.5 Petrol Titanium Plus AT,Coimbatore,2018,27852,Petrol,Automatic,First,14.8,1497.0,121.36,5.0,10.44
Tata Nexon 1.5 Revotorq XZ Plus Dual Tone,Mumbai,2018,14000,Diesel,Manual,First,21.5,1497.0,108.5,5.0,9.9
Isuzu MUX 4WD,Jaipur,2017,34429,Diesel,Automatic,First,13.8,2999.0,174.57,7.0,20.0
Toyota Corolla Altis 1.4 DG,Ahmedabad,2012,52100,Diesel,Manual,First,21.43,1364.0,86.79,5.0,6.5
Hyundai Grand i10 1.2 Kappa Sportz,Jaipur,2018,10000,Petrol,Manual,First,18.9,1197.0,81.86,5.0,5.85
Jeep Compass 2.0 Limited 4X4,Coimbatore,2019,6261,Diesel,Manual,First,16.3,1956.0,170.0,5.0,23.91
Maruti Ignis 1.2 AMT Alpha,Coimbatore,2019,3906,Petrol,Automatic,First,20.89,1197.0,81.8,5.0,7.36
Toyota Innova Crysta 2.4 VX MT,Mumbai,2017,38000,Diesel,Manual,First,13.68,2393.0,147.8,7.0,17.65
Toyota Platinum Etios 1.4 GXD,Hyderabad,2015,150000,Diesel,Manual,First,23.59,1364.0,67.05,5.0,6.0
Toyota Innova Crysta 2.8 GX AT 8S,Delhi,2017,18000,Diesel,Automatic,First,11.36,2755.0,171.5,8.0,18.25
Nissan Micra Active XV,Ahmedabad,2016,41000,Petrol,Manual,First,19.69,1198.0,67.04,5.0,4.25
Jeep Compass 2.0 Sport,Hyderabad,2017,37000,Diesel,Manual,First,17.1,1956.0,170.0,5.0,16.9
Tata Zest Quadrajet 1.3 75PS XM,Pune,2017,72000,Diesel,Manual,First,22.95,1248.0,74.0,5.0,5.0
Maruti Dzire VXI,Hyderabad,2013,34900,Petrol,Manual,First,22.0,1197.0,81.8,5.0,5.49
Maruti Wagon R LXI,Mumbai,2014,25422,Petrol,Manual,First,22.5,998.0,67.04,5.0,3.25
Maruti Ertiga VDI,Mumbai,2018,14000,Diesel,Manual,First,25.47,1248.0,88.5,7.0,9.25
Mahindra KUV 100 G80 K6 Plus 5Str,Kolkata,2017,43000,Petrol,Manual,First,18.15,1198.0,82.0,5.0,4.5
Maruti Swift VXI,Pune,2010,68000,Petrol,Manual,First,22.0,1197.0,81.8,5.0,2.8
Jeep Compass 2.0 Limited,Pune,2018,16039,Diesel,Manual,First,17.1,1956.0,170.0,5.0,18.5
Maruti Swift LDI,Hyderabad,2016,52000,Diesel,Manual,First,28.4,1248.0,74.0,5.0,5.95
Maruti Swift VDI,Kochi,2015,53500,Diesel,Manual,First,28.4,1248.0,74.0,5.0,5.36
Hyundai Xcent 1.2 CRDi S,Mumbai,2016,50000,Diesel,Manual,First,25.4,1186.0,73.97,5.0,3.5
BMW 3 Series 320d Luxury Line,Delhi,2019,87000,Diesel,Automatic,First,22.69,1995.0,190.0,5.0,6.67
Mahindra Xylo H4,Coimbatore,2016,93166,Diesel,Manual,Second,14.02,2179.0,118.3,7.0,5.85
Toyota Corolla Altis 1.8 VL CVT,Kolkata,2018,5000,Petrol,Automatic,First,14.28,1798.0,138.03,5.0,16.95
Skoda Rapid 1.6 MPI Ambition,Mumbai,2015,39822,Petrol,Manual,First,15.41,1598.0,103.52,5.0,4.68
Renault KWID RXL,Kochi,2017,24214,Petrol,Manual,Second,25.17,799.0,53.3,5.0,3.46
BMW 3 Series 320d,Coimbatore,2013,85846,Diesel,Automatic,First,22.69,1995.0,190.0,5.0,13.08
Maruti Alto K10 LXI CNG Optional,Kochi,2018,44202,CNG,Manual,First,32.26,998.0,58.2,4.0,4.0
Maruti Vitara Brezza ZDi Plus Dual Tone,Kochi,2017,35981,Diesel,Manual,First,24.3,1248.0,88.5,5.0,9.51
Maruti Wagon R CNG LXI,Delhi,2014,74663,CNG,Manual,First,33.54,998.0,67.04,5.0,3.25
Porsche Cayenne Base,Kochi,2019,14298,Petrol,Automatic,First,13.33,2995.0,340.0,5.0,2.02
Honda Brio 1.2 S MT,Mumbai,2015,22000,Petrol,Manual,First,18.5,1198.0,86.8,5.0,3.95
Hyundai Grand i10 1.2 Kappa Magna AT,Coimbatore,2019,12153,Petrol,Automatic,First,18.9,1197.0,81.86,5.0,6.84
Audi A4 30 TFSI Premium Plus,Kochi,2017,61221,Petrol,Automatic,First,17.84,1395.0,147.51,5.0,21.73
Mini Cooper 5 DOOR D,Kochi,2019,14857,Diesel,Automatic,First,20.7,1496.0,113.98,5.0,31.55
Ford Endeavour Titanium 4X2,Coimbatore,2019,14648,Diesel,Manual,First,12.62,2198.0,158.0,7.0,27.36
Tata Zest Revotron 1.2T XM,Kochi,2017,48198,Petrol,Manual,First,17.57,1193.0,88.7,5.0,4.65
Maruti Dzire LDI,Pune,2012,150000,Diesel,Manual,Third,28.4,1248.0,73.75,5.0,2.25
Maruti Eeco CNG 5 Seater AC,Ahmedabad,2015,47001,CNG,Manual,First,20.0,1196.0,63.0,5.0,3.72
Maruti Wagon R VXI,Chennai,2014,52000,Petrol,Manual,First,22.5,998.0,67.04,5.0,3.45
Hyundai Grand i10 1.2 Kappa Asta,Coimbatore,2017,62788,Petrol,Manual,First,18.9,1197.0,81.86,5.0,6.08
Toyota Innova Crysta 2.8 GX AT,Pune,2018,20300,Diesel,Automatic,First,11.36,2755.0,171.5,7.0,18.0
Mini Cooper 3 DOOR D,Kochi,2015,27641,Diesel,Automatic,Second,20.7,1496.0,113.98,4.0,24.77
Mahindra XUV500 W7,Delhi,2018,9000,Diesel,Manual,First,14.0,2179.0,155.0,7.0,13.0
BMW 7 Series 730Ld Design Pure Excellence CBU,Kolkata,2012,41100,Diesel,Automatic,First,16.77,2993.0,261.49,5.0,26.5
Honda City i-VTEC CVT VX,Mumbai,2015,19000,Petrol,Automatic,First,18.0,1497.0,117.3,5.0,8.95
Honda City i-VTEC CVT VX,Jaipur,2017,35000,Petrol,Automatic,First,18.0,1497.0,117.3,5.0,7.7
Honda City i-VTEC V,Mumbai,2017,11000,Petrol,Manual,First,17.4,1497.0,117.3,5.0,8.5
Nissan Micra XV D,Chennai,2012,93450,Diesel,Manual,Second,23.19,1461.0,63.12,5.0,2.5
Maruti Dzire ZDI,Ahmedabad,2013,56454,Diesel,Manual,First,28.4,1248.0,73.75,5.0,4.65
Jeep Compass 2.0 Limited Option 4X4,Kolkata,2017,15050,Diesel,Manual,First,16.3,1956.0,170.0,5.0,17.5
Ford Freestyle Titanium Plus Petrol,Kolkata,2018,8896,Petrol,Manual,First,19.0,1194.0,94.68,5.0,7.34
Honda Jazz V,Mumbai,2016,31378,Petrol,Manual,First,18.2,1199.0,88.7,5.0,5.9
Audi Q3 30 TDI Premium FWD,Mumbai,2017,31000,Diesel,Automatic,First,18.51,1968.0,147.51,5.0,27.0
Mercedes-Benz E-Class E400 Cabriolet,Kolkata,2015,7501,Petrol,Automatic,First,10.0,2996.0,333.0,4.0,48.0
Mercedes-Benz GLE 350d,Coimbatore,2018,29277,Diesel,Automatic,First,11.57,2987.0,254.79,5.0,59.65
Maruti Baleno Delta CVT,Coimbatore,2018,34630,Petrol,Automatic,First,21.4,1197.0,83.1,5.0,7.29
Mini Cooper 3 DOOR D,Kochi,2016,32298,Diesel,Automatic,First,20.7,1496.0,113.98,4.0,23.8
Ford Aspire Ambiente Diesel,Kolkata,2018,17000,Diesel,Manual,First,26.1,1498.0,99.0,5.0,5.65
Mercedes-Benz CLA 200 CDI Sport,Kochi,2019,29836,Diesel,Automatic,First,17.9,2143.0,136.0,5.0,25.75
Toyota Etios Liva 1.4 GD,Delhi,2013,84000,Diesel,Manual,First,23.59,1364.0,67.04,5.0,3.85
Maruti Celerio VXI AMT,Chennai,2015,55000,Petrol,Automatic,First,23.1,998.0,67.04,5.0,3.5
Honda City i-VTEC VX,Mumbai,2017,7500,Petrol,Manual,First,17.4,1497.0,117.3,5.0,11.15
Renault Duster 110PS Diesel RxZ AMT,Jaipur,2016,68163,Diesel,Automatic,First,19.6,1461.0,108.45,5.0,8.9
Maruti Vitara Brezza LDi,Kochi,2017,35384,Diesel,Manual,First,24.3,1248.0,88.5,5.0,8.61
Ford EcoSport 1.5 Diesel Titanium,Coimbatore,2018,32189,Diesel,Manual,First,23.0,1498.0,98.96,5.0,9.25
BMW 3 Series 320d,Mumbai,2010,67000,Diesel,Automatic,Second,22.69,1995.0,190.0,5.0,9.25
Maruti Vitara Brezza ZDi Plus,Coimbatore,2018,52380,Diesel,Manual,First,24.3,1248.0,88.5,5.0,10.15
Toyota Etios Liva 1.2 G,Chennai,2011,42000,Petrol,Manual,Second,17.71,1197.0,78.9,5.0,3.75
Honda WRV i-VTEC VX,Ahmedabad,2017,32248,Petrol,Manual,First,17.5,1199.0,88.7,5.0,8.25
Hyundai Grand i10 1.2 Kappa Asta,Bangalore,2014,61325,Petrol,Manual,First,18.9,1197.0,81.86,5.0,4.4
Honda Amaze S Petrol,Jaipur,2014,69000,Petrol,Manual,First,19.5,1199.0,88.76,5.0,4.5
Volkswagen Vento 1.5 TDI Highline AT,Hyderabad,2016,45492,Diesel,Automatic,First,21.5,1498.0,108.5,5.0,10.3
Hyundai Grand i10 1.2 Kappa Sportz,Coimbatore,2014,33496,Petrol,Manual,First,18.9,1197.0,81.86,5.0,5.5
BMW 5 Series 520d Luxury Line,Delhi,2013,65000,Diesel,Automatic,First,22.48,1995.0,190.0,5.0,21.26
Toyota Corolla Altis 1.8 G,Bangalore,2016,16471,Petrol,Manual,Second,14.28,1798.0,138.03,5.0,11.5
Honda City i-VTEC CVT VX,Pune,2018,4500,Petrol,Automatic,First,18.0,1497.0,117.3,5.0,12.5
Renault Duster 110PS Diesel RxZ AMT,Coimbatore,2017,42646,Diesel,Automatic,First,19.6,1461.0,108.45,5.0,12.46
Maruti Swift VDI,Jaipur,2015,63310,Diesel,Manual,First,28.4,1248.0,74.0,5.0,5.1
Honda Jazz V,Hyderabad,2015,37000,Petrol,Manual,First,18.2,1199.0,88.7,5.0,6.3
Nissan Terrano XL D Option,Hyderabad,2013,65280,Diesel,Manual,First,19.87,1461.0,83.14,5.0,5.8
Jeep Compass 2.0 Limited Option 4X4,Jaipur,2017,45000,Diesel,Manual,First,16.3,1956.0,170.0,5.0,20.0
Honda City i-DTEC ZX,Pune,2017,42000,Diesel,Manual,First,25.6,1498.0,98.6,5.0,12.0
Hyundai Grand i10 1.2 CRDi Sportz,Chennai,2018,48000,Diesel,Manual,First,24.0,1186.0,73.97,5.0,5.95
Toyota Innova Crysta 2.4 VX MT,Coimbatore,2019,33598,Diesel,Manual,First,13.68,2393.0,147.8,7.0,22.2
Mercedes-Benz CLA 200 CDI Sport,Kochi,2019,13414,Diesel,Automatic,First,17.9,2143.0,136.0,5.0,30.77
Mahindra KUV 100 G80 K8,Jaipur,2018,15900,Petrol,Manual,First,18.15,1198.0,82.0,6.0,6.25
Audi A6 35 TDI Matrix,Coimbatore,2017,36824,Diesel,Automatic,First,18.53,1968.0,187.74,5.0,39.84
Maruti Baleno Zeta CVT,Kolkata,2016,20000,Petrol,Automatic,First,21.4,1197.0,83.1,5.0,5.74
BMW 3 Series Luxury Line,Ahmedabad,2016,27000,Diesel,Automatic,First,21.76,1995.0,190.0,5.0,35.0
Maruti Dzire AMT ZDI Plus,Chennai,2017,19000,Diesel,Automatic,First,28.4,1248.0,73.75,5.0,8.9
Jeep Compass 2.0 Longitude,Kochi,2018,42203,Diesel,Manual,First,17.1,1956.0,170.0,5.0,19.46
Tata Nexon 1.5 Revotorq XZ Plus Dual Tone,Kolkata,2018,4900,Diesel,Manual,First,21.5,1497.0,108.5,5.0,9.22
Renault KWID RXT Optional,Pune,2018,5000,Petrol,Manual,First,25.17,799.0,53.3,5.0,3.5
Toyota Fortuner 2.8 4WD MT,Kochi,2011,169006,Diesel,Manual,First,14.24,2755.0,174.5,7.0,10.64
Honda Jazz V CVT,Mumbai,2017,17978,Petrol,Automatic,First,19.0,1199.0,88.7,5.0,6.95
Maruti S-Cross Alpha DDiS 200 SH,Kolkata,2016,45296,Diesel,Manual,First,25.1,1248.0,88.5,5.0,6.99
Tata Hexa XT,Pune,2017,39800,Diesel,Manual,First,17.6,2179.0,153.86,7.0,14.25
Maruti Eeco 7 Seater Standard,Coimbatore,2016,42225,Petrol,Manual,First,15.1,1196.0,73.0,7.0,4.3
Maruti Ignis 1.2 Delta,Kochi,2019,12076,Petrol,Manual,First,20.89,1197.0,81.8,5.0,5.5
Volkswagen Polo GT TSI,Coimbatore,2017,50534,Petrol,Automatic,First,17.21,1197.0,103.5,5.0,8.27
BMW 5 Series 520d Luxury Line,Ahmedabad,2010,46000,Diesel,Automatic,First,22.48,1995.0,190.0,5.0,16.5
Mercedes-Benz GLC 220d 4MATIC Style,Coimbatore,2019,29311,Diesel,Automatic,First,17.9,2143.0,170.0,5.0,50.97
BMW 3 Series Luxury Line,Mumbai,2016,31000,Diesel,Automatic,First,21.76,1995.0,190.0,5.0,29.95
Ford EcoSport 1.5 Petrol Titanium Plus AT,Pune,2017,14000,Petrol,Automatic,First,14.8,1497.0,121.36,5.0,9.99
Maruti Vitara Brezza ZDi Plus Dual Tone,Ahmedabad,2017,33000,Diesel,Manual,First,24.3,1248.0,88.5,5.0,9.25
Nissan Terrano XV D Pre,Mumbai,2013,60000,Diesel,Manual,Second,19.64,1461.0,108.5,5.0,5.45
Maruti Celerio ZXI AMT,Coimbatore,2017,35225,Petrol,Automatic,First,23.1,998.0,67.04,5.0,5.25
BMW 3 Series 320d,Hyderabad,2010,80000,Diesel,Automatic,First,22.69,1995.0,190.0,5.0,14.2
Hyundai Grand i10 1.2 Kappa Sportz,Coimbatore,2016,29091,Petrol,Manual,First,18.9,1197.0,81.86,5.0,4.87
Maruti Vitara Brezza ZDi Plus Dual Tone,Coimbatore,2017,26927,Diesel,Manual,First,24.3,1248.0,88.5,5.0,11.39
Maruti Vitara Brezza ZDi,Delhi,2016,35299,Diesel,Manual,First,24.3,1248.0,88.5,5.0,8.0
Land Rover Range Rover Sport HSE,Kochi,2015,38467,Diesel,Automatic,First,12.65,2993.0,255.0,5.0,70.66
Maruti Alto K10 VXI,Mumbai,2017,12000,Petrol,Manual,First,24.07,998.0,67.1,5.0,3.25
Maruti Ciaz Zeta,Kochi,2018,10575,Petrol,Manual,First,21.56,1462.0,103.25,5.0,9.18
Maruti Wagon R VXI 1.2,Kochi,2015,49818,Petrol,Manual,First,21.5,1197.0,81.8,5.0,4.11
Toyota Innova Crysta 2.8 ZX AT,Kochi,2017,26023,Diesel,Automatic,First,11.36,2755.0,171.5,7.0,19.97
Maruti Swift VDI,Pune,2014,115000,Diesel,Manual,First,28.4,1248.0,74.0,5.0,4.5
Tata Zest Quadrajet 1.3 XT,Bangalore,2017,27768,Diesel,Manual,First,20.65,1248.0,88.7,5.0,5.85
Maruti Alto K10 VXI,Chennai,2011,28300,Petrol,Manual,First,24.07,998.0,67.1,5.0,2.15
Audi A6 35 TFSI Matrix,Delhi,2018,22000,Petrol,Automatic,First,15.26,1798.0,187.74,5.0,41.5
Maruti Vitara Brezza ZDi Plus Dual Tone,Coimbatore,2018,28741,Diesel,Manual,First,24.3,1248.0,88.5,5.0,11.0
Hyundai Verna VTVT 1.6 SX,Kolkata,2018,5000,Petrol,Manual,First,17.0,1591.0,121.3,5.0,8.7
Maruti Ertiga ZDI Plus,Hyderabad,2016,42000,Diesel,Manual,First,25.47,1248.0,88.5,7.0,9.9
Hyundai Verna VTVT 1.6 SX,Kochi,2012,32542,Petrol,Manual,First,17.0,1591.0,121.3,5.0,5.77
BMW 3 Series 320d,Kochi,2012,55598,Diesel,Automatic,First,22.69,1995.0,190.0,5.0,11.5
Maruti Dzire VDI,Jaipur,2013,77084,Diesel,Manual,First,28.4,1248.0,73.75,5.0,4.95
Toyota Innova Crysta 2.8 GX AT 8S,Chennai,2016,40000,Diesel,Automatic,First,11.36,2755.0,171.5,8.0,16.45
Maruti Baleno Alpha Diesel,Mumbai,2018,2000,Diesel,Manual,First,27.39,1248.0,74.0,5.0,8.7
Skoda Superb Style 1.8 TSI AT,Mumbai,2016,14500,Petrol,Automatic,First,14.67,1798.0,177.46,5.0,20.75
Maruti Ciaz Alpha,Mumbai,2017,19416,Petrol,Manual,First,21.56,1462.0,103.25,5.0,8.25
Toyota Innova Crysta 2.8 ZX AT,Pune,2016,50296,Diesel,Automatic,Second,11.36,2755.0,171.5,7.0,19.0
Jeep Compass 2.0 Longitude,Kochi,2018,26101,Diesel,Manual,First,17.1,1956.0,170.0,5.0,17.55
Maruti Alto K10 LXI Optional,Pune,2016,7000,Petrol,Manual,First,24.07,998.0,67.1,5.0,3.0
Honda Jazz Exclusive CVT,Mumbai,2018,3000,Petrol,Automatic,First,19.0,1199.0,88.7,5.0,8.25
Nissan Sunny XE P,Coimbatore,2012,50297,Petrol,Manual,First,16.95,1498.0,97.6,5.0,4.69
Toyota Corolla Altis 1.8 GL,Chennai,2009,32000,Petrol,Manual,Second,14.28,1798.0,138.03,5.0,4.95
Maruti Alto K10 VXI,Jaipur,2016,51264,Petrol,Manual,First,24.07,998.0,67.1,5.0,3.2
Mercedes-Benz CLA 200 CGI Sport,Delhi,2016,40000,Petrol,Automatic,First,15.04,1991.0,183.0,5.0,24.5
Hyundai Creta 1.6 SX Automatic Diesel,Kolkata,2018,14000,Diesel,Automatic,First,17.6,1582.0,126.2,5.0,11.25
Audi RS5 Coupe,Mumbai,2013,23312,Petrol,Automatic,First,11.05,2894.0,444.0,4.0,40.5
BMW 5 Series 520d Luxury Line,Coimbatore,2014,60280,Diesel,Automatic,First,22.48,1995.0,190.0,5.0,22.45
Land Rover Range Rover 3.0 Diesel LWB Vogue,Hyderabad,2017,25000,Diesel,Automatic,First,13.33,2993.0,255.0,5.0,160.0
Maruti Baleno RS Petrol,Coimbatore,2018,26731,Petrol,Manual,First,21.1,998.0,100.0,5.0,8.61
Toyota Camry Hybrid 2.5,Coimbatore,2017,23249,Petrol,Automatic,First,19.16,2487.0,175.67,5.0,26.11
Hyundai Grand i10 1.2 Kappa Asta,Delhi,2018,10000,Petrol,Manual,First,18.9,1197.0,81.86,5.0,6.5
Skoda Superb Style 1.8 TSI AT,Coimbatore,2016,54253,Petrol,Automatic,First,14.67,1798.0,177.46,5.0,16.81
Maruti Wagon R VXI,Pune,2014,38958,Petrol,Manual,First,22.5,998.0,67.04,5.0,3.41
Datsun redi-GO S,Chennai,2016,26239,Petrol,Manual,First,22.7,799.0,53.0,5.0,2.75
Toyota Fortuner 2.8 2WD MT,Coimbatore,2019,56251,Diesel,Manual,First,14.24,2755.0,174.5,7.0,35.82
Honda BR-V i-VTEC S MT,Bangalore,2016,34004,Petrol,Manual,First,15.4,1497.0,117.3,7.0,8.02
Maruti Wagon R CNG LXI,Mumbai,2014,47200,CNG,Manual,First,33.54,998.0,67.04,5.0,2.85
Maruti Dzire VDI,Kochi,2017,54758,Diesel,Manual,First,28.4,1248.0,73.75,5.0,6.67
Toyota Innova Crysta 2.8 ZX AT,Bangalore,2017,53841,Diesel,Automatic,First,11.36,2755.0,171.5,7.0,20.5
Hyundai Creta 1.6 SX Option,Kochi,2017,47183,Petrol,Manual,Second,15.8,1591.0,121.3,5.0,11.31
Datsun redi-GO T Option,Kochi,2018,6279,Petrol,Manual,First,22.7,799.0,53.64,5.0,3.6
Hyundai Creta 1.6 SX Option Diesel,Coimbatore,2017,101065,Diesel,Manual,First,20.5,1582.0,126.2,5.0,11.45
Maruti Baleno Delta,Kochi,2017,15134,Petrol,Manual,First,21.4,1197.0,83.1,5.0,6.37
Maruti Ertiga VDI,Chennai,2016,86000,Diesel,Manual,Second,25.47,1248.0,88.5,7.0,8.2
Honda City i-DTEC SV,Kolkata,2015,39000,Diesel,Manual,First,25.6,1498.0,98.6,5.0,5.49
Volkswagen Vento 1.6 Highline,Jaipur,2016,33000,Petrol,Manual,First,16.09,1598.0,103.5,5.0,7.7
Hyundai Verna VTVT 1.6 SX,Bangalore,2014,46676,Petrol,Manual,First,17.0,1591.0,121.3,5.0,7.75
Maruti Alto K10 LXI,Kochi,2014,51349,Petrol,Manual,First,24.07,998.0,67.1,5.0,2.93
Audi Q3 30 TDI Premium FWD,Coimbatore,2018,22060,Diesel,Automatic,First,18.51,1968.0,147.51,5.0,32.73
Audi A4 35 TDI Premium Plus,Kochi,2015,13506,Diesel,Automatic,First,18.25,1968.0,187.74,5.0,21.66
Renault KWID RXT Optional,Mumbai,2016,16000,Petrol,Manual,First,25.17,799.0,53.3,5.0,2.99
Honda Amaze S Petrol,Kolkata,2013,32576,Petrol,Manual,First,19.5,1199.0,88.76,5.0,3.15
Datsun redi-GO T Option,Coimbatore,2017,27509,Petrol,Manual,First,22.7,799.0,53.64,5.0,3.31
Skoda Superb Style 1.8 TSI AT,Mumbai,2016,53000,Petrol,Automatic,First,14.67,1798.0,177.46,5.0,17.85
Toyota Innova Crysta 2.8 ZX AT,Delhi,2016,42000,Diesel,Automatic,First,11.36,2755.0,171.5,7.0,19.6
Maruti Wagon R VXI AMT,Mumbai,2018,1997,Petrol,Automatic,First,22.5,998.0,67.0,5.0,4.45
Maruti Vitara Brezza ZDi Plus Dual Tone,Pune,2016,47300,Diesel,Manual,First,24.3,1248.0,88.5,5.0,8.85
Maruti Ertiga VDI,Coimbatore,2014,53817,Diesel,Manual,First,25.47,1248.0,88.5,7.0,7.56
Toyota Innova Crysta 2.8 ZX AT,Ahmedabad,2016,42388,Diesel,Automatic,First,11.36,2755.0,171.5,7.0,18.0
BMW X1 xDrive 20d M Sport,Kolkata,2017,27001,Diesel,Automatic,First,20.68,1995.0,190.0,5.0,29.0
Hyundai Grand i10 1.2 Kappa Sportz,Coimbatore,2017,38712,Petrol,Manual,First,18.9,1197.0,81.86,5.0,5.87
Maruti Swift ZXI Plus,Ahmedabad,2018,2000,Petrol,Manual,First,22.0,1197.0,81.8,5.0,7.75
Toyota Innova Crysta 2.4 VX MT 8S,Coimbatore,2019,31271,Diesel,Manual,First,13.68,2393.0,147.8,8.0,21.42
Skoda Rapid 1.5 TDI Ambition,Mumbai,2012,54500,Diesel,Manual,First,21.13,1498.0,108.4,5.0,4.1
Toyota Innova Crysta 2.4 ZX MT,Ahmedabad,2016,54000,Diesel,Manual,First,13.68,2393.0,147.8,7.0,16.5
Tata Tiago 1.2 Revotron XZ WO Alloy,Hyderabad,2017,16500,Petrol,Manual,First,23.84,1199.0,84.0,5.0,5.0
Honda Amaze V Petrol,Jaipur,2018,6000,Petrol,Manual,First,19.5,1199.0,86.76,5.0,6.7
Maruti Wagon R LXI,Mumbai,2010,12000,Petrol,Manual,First,22.5,998.0,67.04,5.0,2.45
Hyundai Grand i10 1.2 Kappa Magna,Kolkata,2018,4500,Petrol,Manual,First,18.9,1197.0,81.86,5.0,4.8
Hyundai Grand i10 1.2 Kappa Asta,Kochi,2017,51223,Petrol,Manual,First,18.9,1197.0,81.86,5.0,5.66
Ford Mustang V8,Kochi,2018,21290,Petrol,Automatic,First,13.0,4951.0,395.0,4.0,56.8
Toyota Innova Crysta 2.8 GX AT,Kochi,2019,14076,Diesel,Automatic,First,11.36,2755.0,171.5,7.0,19.4
Hyundai Grand i10 1.2 Kappa Asta,Hyderabad,2017,22500,Petrol,Manual,First,18.9,1197.0,81.86,5.0,5.99
Honda Amaze S Diesel,Kolkata,2013,46500,Diesel,Manual,First,27.4,1498.0,98.6,5.0,3.3
Maruti Wagon R VXI,Jaipur,2017,39867,Petrol,Manual,First,22.5,998.0,67.04,5.0,4.5
Skoda Superb Style 2.0 TDI AT,Mumbai,2015,19000,Diesel,Automatic,First,18.19,1968.0,174.5,5.0,15.5
Volkswagen Vento 1.5 TDI Comfortline,Kolkata,2012,34000,Diesel,Manual,First,20.64,1498.0,108.5,5.0,3.4
Hyundai Verna VTVT 1.6 SX Option,Kochi,2016,52378,Petrol,Manual,First,17.0,1591.0,121.3,5.0,7.97
Maruti Dzire AMT ZDI Plus,Kochi,2018,64035,Diesel,Automatic,First,28.4,1248.0,73.75,5.0,8.55
Maruti Eeco 7 Seater Standard,Chennai,2016,55000,Petrol,Manual,First,15.1,1196.0,73.0,7.0,3.75
Mitsubishi Pajero Sport 4X4,Coimbatore,2015,53497,Diesel,Manual,First,13.5,2477.0,175.56,7.0,16.42
Mercedes-Benz GLE 350d,Chennai,2016,29000,Diesel,Automatic,First,11.57,2987.0,254.79,5.0,65.0
Maruti Wagon R VXI AMT,Kolkata,2017,17000,Petrol,Automatic,First,22.5,998.0,67.0,5.0,3.95
BMW 3 Series 320d,Mumbai,2011,51000,Diesel,Automatic,First,22.69,1995.0,190.0,5.0,10.5
BMW 5 Series 520d Luxury Line,Coimbatore,2011,51602,Diesel,Automatic,First,22.48,1995.0,190.0,5.0,17.27
BMW 3 Series Luxury Line,Pune,2016,70000,Diesel,Automatic,Second,21.76,1995.0,190.0,5.0,27.0
Honda Jazz V,Kochi,2017,36973,Petrol,Manual,First,18.2,1199.0,88.7,5.0,6.8
Maruti Wagon R VXI,Mumbai,2014,43628,Petrol,Manual,First,22.5,998.0,67.04,5.0,3.16
Maruti Vitara Brezza ZDi Plus AMT Dual Tone,Chennai,2018,3300,Diesel,Automatic,First,24.3,1248.0,88.5,5.0,11.5
Maruti Alto K10 LXI,Delhi,2016,35027,Petrol,Manual,First,24.07,998.0,67.1,5.0,3.0
Maruti Vitara Brezza ZDi,Bangalore,2017,45000,Diesel,Manual,First,24.3,1248.0,88.5,5.0,9.75
BMW X1 sDrive 20d xLine,Coimbatore,2019,15456,Diesel,Automatic,First,20.68,1995.0,190.0,5.0,36.64
Hyundai Grand i10 1.2 CRDi Asta,Kochi,2015,81828,Diesel,Manual,First,24.0,1186.0,73.97,5.0,5.43
Renault KWID 1.0 RXT Optional,Jaipur,2016,26000,Petrol,Manual,First,21.7,999.0,67.0,5.0,3.0
Honda WRV i-VTEC VX,Hyderabad,2017,15000,Petrol,Manual,First,17.5,1199.0,88.7,5.0,8.9
Volkswagen Vento 1.6 Comfortline,Kochi,2012,60818,Petrol,Manual,First,16.09,1598.0,103.5,5.0,3.59
Maruti Ertiga VDI,Pune,2016,54161,Diesel,Manual,First,25.47,1248.0,88.5,7.0,7.64
Volkswagen Vento 1.6 Comfortline,Kochi,2018,20488,Petrol,Manual,Second,16.09,1598.0,103.5,5.0,7.64
Toyota Fortuner 2.8 2WD MT,Coimbatore,2017,72668,Diesel,Manual,First,14.24,2755.0,174.5,7.0,28.85
Toyota Etios Cross 1.4L VD,Bangalore,2014,57464,Diesel,Manual,First,23.59,1364.0,67.06,5.0,5.75
Toyota Innova Crysta 2.8 ZX AT,Chennai,2016,80000,Diesel,Automatic,First,11.36,2755.0,171.5,7.0,19.5
Hyundai Xcent 1.2 VTVT E,Pune,2018,40000,Petrol,Manual,First,20.14,1197.0,81.86,5.0,5.0
Hyundai Verna VTVT 1.6 SX Option,Kochi,2019,12336,Petrol,Manual,First,17.0,1591.0,121.3,5.0,11.88
Nissan Micra Active XV,Pune,2018,24000,Petrol,Manual,First,19.69,1198.0,67.04,5.0,4.0
Volkswagen Vento 1.5 TDI Highline,Chennai,2011,121311,Diesel,Manual,First,20.64,1498.0,108.5,5.0,2.9
Tata Tiago 1.2 Revotron XT Option,Coimbatore,2019,16698,Petrol,Manual,First,23.84,1199.0,84.0,5.0,5.85
Land Rover Range Rover Evoque 2.0 TD4 HSE Dynamic,Hyderabad,2016,52000,Diesel,Automatic,First,15.68,1999.0,177.0,5.0,42.0
Hyundai Elite i20 Sportz Plus,Kochi,2017,37460,Petrol,Manual,First,18.6,1197.0,81.86,5.0,6.28
Mercedes-Benz S-Class S 350 d,Bangalore,2011,47140,Diesel,Automatic,Second,13.5,2925.0,281.61,5.0,30.0
Hyundai Creta 1.6 SX Option Diesel,Bangalore,2016,93000,Diesel,Manual,First,20.5,1582.0,126.2,5.0,10.8
Volvo V40 D3 R Design,Hyderabad,2015,38000,Diesel,Automatic,Second,16.8,1969.0,150.0,5.0,24.0
BMW 3 Series Luxury Line,Kochi,2018,21936,Diesel,Automatic,First,21.76,1995.0,190.0,5.0,37.92
Skoda Superb Style 1.8 TSI AT,Delhi,2013,80000,Petrol,Automatic,Second,14.67,1798.0,177.46,5.0,7.25
Mahindra Thar CRDe,Coimbatore,2017,28599,Diesel,Manual,First,16.55,2498.0,105.0,6.0,9.66
Datsun redi-GO T,Kolkata,2016,15000,Petrol,Manual,First,22.7,799.0,53.64,5.0,2.25
Maruti Alto K10 VXI,Kochi,2015,23876,Petrol,Manual,First,24.07,998.0,67.1,5.0,3.46
BMW 3 Series 320d,Hyderabad,2011,89000,Diesel,Automatic,First,22.69,1995.0,190.0,5.0,13.95
Maruti Wagon R VXI 1.2,Kolkata,2014,37000,Petrol,Manual,First,21.5,1197.0,81.8,5.0,2.8
Audi A4 35 TDI Technology,Hyderabad,2017,14000,Diesel,Automatic,First,18.25,1968.0,187.74,5.0,43.0
Hyundai Santro D Lite,Chennai,2001,140000,Petrol,Manual,Third,20.3,1086.0,68.0,5.0,0.7
Maruti Baleno Alpha,Chennai,2016,16000,Petrol,Manual,First,21.4,1197.0,83.1,5.0,6.95
Tata Nexon 1.2 Revotron XZ Plus,Coimbatore,2018,17477,Petrol,Manual,First,17.0,1198.0,108.5,5.0,9.62
Maruti Wagon R LXI,Kochi,2014,52431,Petrol,Manual,First,22.5,998.0,67.04,5.0,3.01
Maruti Vitara Brezza ZDi Plus,Kochi,2018,57078,Diesel,Manual,First,24.3,1248.0,88.5,5.0,10.19
Maruti Baleno Alpha Diesel,Hyderabad,2017,24000,Diesel,Manual,First,27.39,1248.0,74.0,5.0,8.4
Maruti Baleno Alpha CVT,Mumbai,2018,3000,Petrol,Automatic,First,21.4,1197.0,83.1,5.0,8.85
Honda City i-VTEC VX,Ahmedabad,2017,29000,Petrol,Manual,First,17.4,1497.0,117.3,5.0,10.0
Mercedes-Benz GLC 220d 4MATIC Style,Mumbai,2017,24000,Diesel,Automatic,First,17.9,2143.0,170.0,5.0,46.95
Hyundai Creta 1.6 SX Option Executive,Coimbatore,2018,44383,Petrol,Manual,First,15.8,1591.0,121.3,5.0,13.25
Hyundai Creta 1.6 SX,Delhi,2016,69000,Petrol,Manual,First,15.8,1591.0,121.3,5.0,9.7
Maruti Dzire AMT VDI,Coimbatore,2018,25082,Diesel,Automatic,First,28.4,1248.0,73.75,5.0,8.37
Audi A4 35 TDI Premium Plus,Coimbatore,2014,28469,Diesel,Automatic,First,18.25,1968.0,187.74,5.0,24.37
Ford Aspire Titanium Diesel,Kolkata,2017,60048,Diesel,Manual,First,26.1,1498.0,99.0,5.0,6.0
Maruti Dzire AMT ZXI Plus,Coimbatore,2019,8018,Petrol,Automatic,First,22.0,1197.0,81.8,5.0,8.3
Tata Tiago AMT 1.2 Revotron XZA,Pune,2018,2000,Petrol,Automatic,First,23.84,1199.0,83.83,5.0,5.0
Hyundai Verna CRDi 1.6 SX Option,Hyderabad,2008,109606,Diesel,Manual,First,22.0,1582.0,126.2,5.0,2.9
Honda Amaze V CVT Petrol,Kochi,2019,25717,Petrol,Automatic,First,19.0,1199.0,88.76,5.0,8.86
Honda Jazz VX,Chennai,2017,8000,Petrol,Manual,First,18.2,1199.0,88.7,5.0,7.9
Hyundai Creta 1.6 SX Option Diesel,Coimbatore,2019,24864,Diesel,Manual,First,20.5,1582.0,126.2,5.0,16.27
BMW 5 Series 530d M Sport,Hyderabad,2016,27000,Diesel,Automatic,First,18.59,2993.0,265.0,5.0,48.0
Audi A3 35 TDI Premium Plus,Mumbai,2016,39000,Diesel,Automatic,First,20.38,1968.0,143.0,5.0,18.9
Volkswagen Polo 1.5 TDI Comfortline,Jaipur,2015,66000,Diesel,Manual,First,20.14,1498.0,88.0,5.0,4.91
BMW X3 xDrive 20d xLine,Kochi,2017,36723,Diesel,Automatic,First,18.56,1995.0,190.0,5.0,32.57
Audi Q7 45 TDI Quattro Technology,Pune,2017,59500,Diesel,Automatic,First,14.75,2967.0,245.0,7.0,68.0
Honda Jazz VX Diesel,Hyderabad,2017,17151,Diesel,Manual,First,27.3,1498.0,98.6,5.0,8.4
Maruti Vitara Brezza LDi,Kochi,2018,32539,Diesel,Manual,First,24.3,1248.0,88.5,5.0,8.39
Land Rover Discovery Sport TD4 HSE 7S,Coimbatore,2019,24013,Diesel,Automatic,First,12.81,1999.0,148.31,7.0,56.14
Jeep Compass 2.0 Sport,Kolkata,2017,27000,Diesel,Manual,First,17.1,1956.0,170.0,5.0,15.0
Maruti Vitara Brezza ZDi,Coimbatore,2017,58829,Diesel,Manual,First,24.3,1248.0,88.5,5.0,9.05
Maruti Celerio LXI MT,Kolkata,2018,30000,Petrol,Manual,First,23.1,998.0,67.04,5.0,3.75
Maruti Vitara Brezza ZDi,Coimbatore,2017,21789,Diesel,Manual,First,24.3,1248.0,88.5,5.0,9.88
Hyundai Elite i20 Asta Option,Coimbatore,2019,21134,Petrol,Manual,First,18.6,1197.0,81.86,5.0,8.78
Maruti Dzire VDI,Hyderabad,2013,68434,Diesel,Manual,First,28.4,1248.0,73.75,5.0,5.5
Maruti Alto K10 VXI,Pune,2014,17000,Petrol,Manual,First,24.07,998.0,67.1,5.0,2.1
Hyundai Verna CRDi 1.6 SX Option,Mumbai,2013,79225,Diesel,Manual,First,22.0,1582.0,126.2,5.0,5.5
Maruti Wagon R VXI,Kochi,2019,31817,Petrol,Manual,First,22.5,998.0,67.04,5.0,5.34
Mercedes-Benz GLE 250d,Hyderabad,2016,50000,Diesel,Automatic,First,17.9,2143.0,201.15,5.0,49.0
Tata Zest Quadrajet 1.3 75PS XE,Kolkata,2017,45000,Diesel,Manual,First,22.95,1248.0,74.0,5.0,3.75
Mercedes-Benz GLE 350d,Bangalore,2016,28541,Diesel,Automatic,First,11.57,2987.0,254.79,5.0,60.75
Nissan Micra XV CVT,Kolkata,2011,44000,Petrol,Automatic,First,19.15,1198.0,75.94,5.0,2.65
Tata Zest Revotron 1.2 XT,Coimbatore,2015,27000,Petrol,Manual,First,17.57,1193.0,88.7,5.0,5.27
Honda Jazz VX Diesel,Chennai,2016,14980,Diesel,Manual,First,27.3,1498.0,98.6,5.0,7.4
Mercedes-Benz CLA 200 CDI Sport,Jaipur,2017,39000,Diesel,Automatic,First,17.9,2143.0,136.0,5.0,27.0
Toyota Corolla Altis 1.8 GL,Coimbatore,2015,53920,Petrol,Manual,First,14.28,1798.0,138.03,5.0,10.77
BMW 5 Series 530d M Sport,Chennai,2010,58000,Diesel,Automatic,First,18.59,2993.0,265.0,5.0,11.75
Maruti Celerio CNG VXI MT,Delhi,2015,64687,CNG,Manual,First,31.79,998.0,58.33,5.0,3.8
Tata Zest Revotron 1.2T XM,Kochi,2015,39208,Petrol,Manual,First,17.57,1193.0,88.7,5.0,4.52
Honda City i-VTEC VX,Coimbatore,2013,38622,Petrol,Manual,First,17.4,1497.0,117.3,5.0,6.26
Hyundai Verna CRDi 1.6 AT SX Plus,Bangalore,2012,79000,Diesel,Automatic,First,22.0,1582.0,126.2,5.0,5.25
Renault KWID Climber 1.0 AMT,Coimbatore,2018,38171,Petrol,Automatic,Second,22.5,999.0,67.0,5.0,4.99
Renault KWID 1.0 RXT Optional AMT,Kochi,2017,53105,Petrol,Automatic,First,22.5,999.0,67.0,5.0,4.41
Mahindra Bolero ZLX,Coimbatore,2017,68557,Diesel,Manual,First,15.96,2523.0,62.1,7.0,8.14
Volkswagen Vento 1.5 TDI Highline,Hyderabad,2016,34000,Diesel,Manual,First,20.64,1498.0,108.5,5.0,8.45
BMW 3 Series 320d,Bangalore,2012,73000,Diesel,Automatic,First,22.69,1995.0,190.0,5.0,12.5
Ford EcoSport 1.5 Diesel Trend,Kochi,2017,63423,Diesel,Manual,First,23.0,1498.0,98.96,5.0,7.69
Hyundai Creta 1.6 SX Option,Kochi,2018,53322,Petrol,Manual,First,15.8,1591.0,121.3,5.0,12.13
Ford EcoSport 1.5 Petrol Titanium,Hyderabad,2017,21800,Petrol,Manual,First,17.0,1497.0,121.36,5.0,8.75
Ford Freestyle Titanium Plus Petrol,Jaipur,2018,1001,Petrol,Manual,First,19.0,1194.0,94.68,5.0,7.23
Hyundai Elantra 1.6 SX,Pune,2013,170000,Diesel,Manual,First,22.54,1582.0,126.2,5.0,7.5
Maruti Vitara Brezza ZDi Plus Dual Tone,Pune,2016,85000,Diesel,Manual,First,24.3,1248.0,88.5,5.0,8.9
Toyota Etios Cross 1.4L VD,Jaipur,2014,62322,Diesel,Manual,First,23.59,1364.0,67.06,5.0,4.9
Maruti Alto K10 VXI,Kochi,2015,37929,Petrol,Manual,First,24.07,998.0,67.1,5.0,3.69
Tata Tiago 1.2 Revotron XM Option,Chennai,2016,5400,Petrol,Manual,First,23.84,1199.0,84.0,5.0,3.98
Volkswagen Ameo 1.2 MPI Highline,Kochi,2017,14576,Petrol,Manual,First,17.0,1198.0,73.75,5.0,6.69
Honda BRV i-VTEC V CVT,Mumbai,2017,17000,Petrol,Automatic,First,16.0,1497.0,117.3,7.0,9.5
Maruti Celerio ZXI Optional AMT,Kochi,2018,12278,Petrol,Automatic,First,23.1,998.0,67.04,5.0,5.63
Hyundai Creta 1.6 SX,Coimbatore,2018,17665,Petrol,Manual,First,15.8,1591.0,121.3,5.0,11.78
Tata Zest Revotron 1.2T XE,Kolkata,2017,65000,Petrol,Manual,First,17.57,1193.0,88.7,5.0,4.8
Volkswagen Vento 1.6 Comfortline,Kolkata,2014,38000,Petrol,Manual,First,16.09,1598.0,103.5,5.0,3.49
Volkswagen Polo 1.5 TDI Highline,Hyderabad,2016,29647,Diesel,Manual,First,20.14,1498.0,88.0,5.0,6.3
Maruti Baleno RS Petrol,Kochi,2018,43639,Petrol,Manual,First,21.1,998.0,100.0,5.0,8.15
BMW 3 Series Luxury Line,Bangalore,2017,21000,Diesel,Automatic,First,21.76,1995.0,190.0,5.0,35.0
Maruti Dzire VXI,Pune,2013,74000,Petrol,Manual,First,22.0,1197.0,81.8,5.0,4.5
Volkswagen Polo 1.5 TDI Highline,Chennai,2017,25000,Diesel,Manual,First,20.14,1498.0,88.0,5.0,6.9
Audi A6 35 TDI Matrix,Chennai,2015,20000,Diesel,Automatic,First,18.53,1968.0,187.74,5.0,35.5
Hyundai Grand i10 1.2 CRDi Sportz,Kochi,2018,32663,Diesel,Manual,First,24.0,1186.0,73.97,5.0,6.28
Tata Bolt Quadrajet XE,Hyderabad,2016,100303,Diesel,Manual,First,22.95,1248.0,74.0,5.0,3.7
Maruti Eeco 7 Seater Standard,Mumbai,2014,34670,Petrol,Manual,First,15.1,1196.0,73.0,7.0,2.9
Hyundai Grand i10 1.2 CRDi Sportz,Delhi,2015,59261,Diesel,Manual,First,24.0,1186.0,73.97,5.0,4.25
BMW 3 Series 320d Luxury Line,Hyderabad,2015,47000,Diesel,Automatic,First,22.69,1995.0,190.0,5.0,29.5
Ford Ecosport Signature Edition Diesel,Ahmedabad,2018,13000,Diesel,Manual,First,23.0,1498.0,98.96,5.0,10.9
Maruti Celerio ZXI MT,Bangalore,2015,48808,Petrol,Manual,First,23.1,998.0,67.04,5.0,4.3
Hyundai i20 Active SX Dual Tone Petrol,Pune,2019,1000,Petrol,Manual,First,17.19,1197.0,81.86,5.0,8.6
Volkswagen Ameo 1.5 TDI Highline,Pune,2016,20000,Diesel,Manual,First,21.66,1498.0,108.62,5.0,6.75
Volkswagen Polo GT TSI,Kochi,2015,26323,Petrol,Automatic,First,17.21,1197.0,103.5,5.0,7.4
Mahindra Bolero ZLX,Jaipur,2016,65000,Diesel,Manual,First,15.96,2523.0,62.1,7.0,7.21
Hyundai Xcent 1.2 CRDi S,Kolkata,2017,51000,Diesel,Manual,First,25.4,1186.0,73.97,5.0,4.2
Toyota Innova Crysta 2.4 GX MT,Hyderabad,2016,73000,Diesel,Manual,First,13.68,2393.0,147.8,7.0,16.5
Maruti Swift LDI,Jaipur,2015,39437,Diesel,Manual,First,28.4,1248.0,74.0,5.0,5.15
Tata Zest Revotron 1.2T XM,Mumbai,2014,36000,Petrol,Manual,First,17.57,1193.0,88.7,5.0,3.7
Hyundai Grand i10 1.2 Kappa Magna,Pune,2010,45252,Petrol,Manual,First,18.9,1197.0,81.86,5.0,2.25
Maruti Ertiga VDI,Kochi,2018,51236,Diesel,Manual,First,25.47,1248.0,88.5,7.0,8.49
Maruti Dzire AMT VXI,Chennai,2017,42000,Petrol,Automatic,First,22.0,1197.0,81.8,5.0,5.5
Toyota Corolla Altis 1.8 VL CVT,Coimbatore,2016,82725,Petrol,Automatic,First,14.28,1798.0,138.03,5.0,11.99
BMW 3 Series Sport,Mumbai,2016,19000,Diesel,Automatic,Second,21.76,1995.0,190.0,5.0,29.99
Maruti Wagon R VXI AMT,Delhi,2016,30000,Petrol,Automatic,First,22.5,998.0,67.0,5.0,4.25
Maruti Vitara Brezza ZDi Plus Dual Tone,Delhi,2016,22000,Diesel,Manual,First,24.3,1248.0,88.5,5.0,8.25
Honda WR-V Edge Edition i-VTEC S,Kochi,2019,13913,Petrol,Manual,First,17.5,1199.0,88.7,5.0,8.2
Mercedes-Benz GLA Class 200 d Style,Kochi,2016,26212,Diesel,Automatic,First,17.9,2143.0,136.0,5.0,24.46
Tata Zest Revotron 1.2T XMS,Pune,2014,23500,Petrol,Manual,Second,17.57,1193.0,88.7,5.0,3.9
Maruti Wagon R VXI AMT1.2,Mumbai,2015,26000,Petrol,Automatic,First,21.5,1197.0,81.8,5.0,3.65
Hyundai Xcent 1.2 CRDi S,Kolkata,2016,26000,Diesel,Manual,First,25.4,1186.0,73.97,5.0,5.0
Maruti Wagon R VXI,Jaipur,2017,35362,Petrol,Manual,First,22.5,998.0,67.04,5.0,3.85
BMW 3 Series 320d,Bangalore,2010,58000,Diesel,Automatic,First,22.69,1995.0,190.0,5.0,11.5
Renault KWID Climber 1.0 AMT,Chennai,2018,14000,Petrol,Automatic,First,22.5,999.0,67.0,5.0,4.5
Hyundai Creta 1.6 SX Option Diesel,Coimbatore,2016,47392,Diesel,Manual,First,20.5,1582.0,126.2,5.0,13.82
Maruti Dzire LDI,Pune,2017,48000,Diesel,Manual,First,28.4,1248.0,73.75,5.0,6.0
Renault KWID RXL,Jaipur,2016,26000,Petrol,Manual,First,25.17,799.0,53.3,5.0,2.55
Maruti Alto K10 VXI,Jaipur,2016,35000,Petrol,Manual,First,24.07,998.0,67.1,5.0,3.0
BMW X3 xDrive 20d Luxury Line,Mumbai,2018,1400,Diesel,Automatic,First,18.56,1995.0,190.0,5.0,61.25
Mini Cooper 3 DOOR S,Kochi,2016,21110,Petrol,Automatic,First,17.44,1998.0,189.08,4.0,28.95
Toyota Etios Liva 1.2 G,Coimbatore,2015,64005,Petrol,Manual,First,17.71,1197.0,78.9,5.0,4.57
Nissan Micra XV CVT,Mumbai,2015,34895,Petrol,Automatic,First,19.15,1198.0,75.94,5.0,4.6
Toyota Innova Crysta 2.8 GX AT,Kochi,2017,20789,Diesel,Automatic,First,11.36,2755.0,171.5,7.0,18.36
Land Rover Range Rover Sport SE,Delhi,2014,47000,Diesel,Automatic,Second,12.65,2993.0,255.0,5.0,64.75
BMW 5 Series 520d Luxury Line,Coimbatore,2016,75637,Diesel,Automatic,First,22.48,1995.0,190.0,5.0,30.37
Renault KWID RXT Optional,Kochi,2019,6568,Petrol,Manual,First,25.17,799.0,53.3,5.0,5.09
BMW 3 Series 320d Luxury Line,Kochi,2016,62404,Diesel,Automatic,First,22.69,1995.0,190.0,5.0,21.33
BMW 3 Series Luxury Line,Coimbatore,2017,34232,Diesel,Automatic,First,21.76,1995.0,190.0,5.0,35.84
Honda CR-V Petrol 2WD,Chennai,2004,135000,Petrol,Automatic,Third,14.4,1997.0,152.0,5.0,3.0
Renault Duster 110PS Diesel RxZ AWD,Chennai,2012,80000,Diesel,Manual,First,19.72,1461.0,108.45,5.0,6.75
Toyota Fortuner 2.8 2WD AT,Coimbatore,2019,28069,Diesel,Automatic,First,12.9,2755.0,174.5,7.0,30.85
Nissan Sunny XV D,Chennai,2012,70000,Diesel,Manual,Second,22.71,1461.0,84.8,5.0,4.0
Maruti Wagon R ZXI AMT 1.2,Mumbai,2019,600,Petrol,Automatic,First,21.5,1197.0,81.8,5.0,6.25
Tata Tigor XE Diesel,Ahmedabad,2017,16235,Diesel,Manual,First,24.7,1047.0,69.0,5.0,5.5
Skoda Superb Style 1.8 TSI AT,Kochi,2017,73641,Petrol,Automatic,First,14.67,1798.0,177.46,5.0,17.08
Hyundai Verna VTVT 1.6 AT SX Plus,Mumbai,2012,75059,Petrol,Automatic,First,17.0,1591.0,121.3,5.0,4.25
Toyota Etios 1.4 VXD,Pune,2018,3000,Diesel,Manual,First,23.59,1364.0,67.04,5.0,7.9
Volkswagen Polo 1.5 TDI Highline,Coimbatore,2014,52951,Diesel,Manual,First,20.14,1498.0,88.0,5.0,5.65
Maruti Eeco 7 Seater Standard,Delhi,2016,126000,Petrol,Manual,First,15.1,1196.0,73.0,7.0,2.2
Volkswagen Vento 1.5 TDI Highline,Hyderabad,2017,28000,Diesel,Manual,First,20.64,1498.0,108.5,5.0,10.0
Hyundai Grand i10 1.2 Kappa Magna,Delhi,2017,46000,Petrol,Manual,First,18.9,1197.0,81.86,5.0,4.75
Maruti Baleno Zeta,Coimbatore,2018,33150,Petrol,Manual,First,21.4,1197.0,83.1,5.0,7.39
Honda City i-VTEC VX,Ahmedabad,2012,34000,Petrol,Manual,First,17.4,1497.0,117.3,5.0,5.75
Honda BRV i-VTEC V CVT,Mumbai,2017,16503,Petrol,Automatic,First,16.0,1497.0,117.3,7.0,9.5
Honda City i-VTEC CVT V,Kochi,2019,22321,Petrol,Automatic,First,18.0,1497.0,117.3,5.0,11.66
Mahindra KUV 100 G80 K8 Dual Tone,Delhi,2018,42000,Petrol,Manual,First,18.15,1198.0,82.0,6.0,5.5
Honda City i-VTEC V,Kochi,2018,11732,Petrol,Manual,First,17.4,1497.0,117.3,5.0,10.07
Toyota Innova Crysta 2.4 VX MT,Kolkata,2017,31000,Diesel,Manual,First,13.68,2393.0,147.8,7.0,16.95
Volvo S60 D4 Momentum,Hyderabad,2014,51000,Diesel,Automatic,First,27.03,1969.0,190.0,5.0,21.5
Honda Brio 1.2 S Option MT,Delhi,2012,40315,Petrol,Manual,First,18.5,1198.0,86.8,5.0,2.75
Tata Tiago 1.2 Revotron XZ,Coimbatore,2019,20712,Petrol,Manual,First,23.84,1199.0,84.0,5.0,6.94
Nissan Terrano XL D Option,Kochi,2015,58817,Diesel,Manual,First,19.87,1461.0,83.14,5.0,6.25
Tata Tiago 1.2 Revotron XZ,Hyderabad,2017,22000,Petrol,Manual,First,23.84,1199.0,84.0,5.0,4.8
Renault KWID RXL,Kochi,2019,7858,Petrol,Manual,First,25.17,799.0,53.3,5.0,3.8
Honda Amaze VX Petrol,Mumbai,2014,21000,Petrol,Manual,First,19.5,1199.0,86.76,5.0,4.75
Volkswagen Vento 1.5 TDI Highline AT,Pune,2016,19000,Diesel,Automatic,First,21.5,1498.0,108.5,5.0,10.0
Skoda Rapid 1.6 MPI Ambition,Coimbatore,2019,21214,Petrol,Manual,First,15.41,1598.0,103.52,5.0,9.66
Maruti Celerio VXI AMT,Kolkata,2016,30000,Petrol,Automatic,First,23.1,998.0,67.04,5.0,3.8
Renault KWID RXT Optional,Kochi,2017,21954,Petrol,Manual,First,25.17,799.0,53.3,5.0,3.7
Nissan Micra XV CVT,Coimbatore,2017,54387,Petrol,Automatic,First,19.15,1198.0,75.94,5.0,5.85
Renault KWID RXT Optional,Mumbai,2018,1617,Petrol,Manual,First,25.17,799.0,53.3,5.0,4.29
Honda City i-DTEC SV,Hyderabad,2015,82000,Diesel,Manual,First,25.6,1498.0,98.6,5.0,8.0
Hyundai Grand i10 1.2 Kappa Sportz,Kochi,2016,28147,Petrol,Manual,First,18.9,1197.0,81.86,5.0,5.07
Renault Duster 110PS Diesel RxZ,Bangalore,2014,70000,Diesel,Manual,First,19.6,1461.0,108.45,5.0,8.25
Skoda Superb L&K 2.0 TDI AT,Mumbai,2017,35000,Diesel,Automatic,First,18.19,1968.0,174.5,5.0,25.75
Maruti Vitara Brezza ZDi Plus Dual Tone,Kochi,2017,21248,Diesel,Manual,First,24.3,1248.0,88.5,5.0,9.44
Mercedes-Benz C-Class Progressive C 220d,Ahmedabad,2019,4000,Diesel,Automatic,First,0.0,1950.0,194.0,5.0,35.0
Mitsubishi Pajero Sport 4X4,Jaipur,2014,70000,Diesel,Manual,Second,13.5,2477.0,175.56,7.0,11.85
Hyundai Creta 1.6 SX,Hyderabad,2018,9900,Petrol,Manual,First,15.8,1591.0,121.3,5.0,13.2
Tata Zest Quadrajet 1.3 75PS XE,Hyderabad,2016,125000,Diesel,Manual,First,22.95,1248.0,74.0,5.0,4.6
Renault Duster 110PS Diesel RxZ AMT,Coimbatore,2017,34686,Diesel,Automatic,First,19.6,1461.0,108.45,5.0,11.86
Skoda Superb Style 2.0 TDI AT,Mumbai,2017,42000,Diesel,Automatic,First,18.19,1968.0,174.5,5.0,22.99
Mahindra NuvoSport N6,Coimbatore,2018,37323,Diesel,Manual,Second,17.45,1493.0,100.0,7.0,7.29
Maruti Dzire LDI,Pune,2018,27000,Diesel,Manual,First,28.4,1248.0,73.75,5.0,5.9
Renault KWID RXL,Pune,2018,1000,Petrol,Manual,First,25.17,799.0,53.3,5.0,3.4
Maruti Ertiga VXI AT Petrol,Mumbai,2017,28000,Petrol,Automatic,First,18.69,1462.0,103.0,7.0,8.0
Toyota Corolla Altis 1.8 G CVT,Delhi,2010,109703,Petrol,Automatic,Second,14.28,1798.0,138.03,5.0,4.0
Hyundai Verna VTVT 1.6 AT SX Option,Mumbai,2018,8000,Petrol,Automatic,First,17.0,1591.0,121.3,5.0,12.85
Mercedes-Benz GLA Class 200 Sport,Kochi,2018,17773,Petrol,Automatic,First,13.7,1991.0,183.0,5.0,26.76
Volkswagen Polo 1.5 TDI Highline,Hyderabad,2013,65000,Diesel,Manual,Second,20.14,1498.0,88.0,5.0,3.5
Volkswagen Ameo 1.2 MPI Highline,Ahmedabad,2016,34005,Petrol,Manual,First,17.0,1198.0,73.75,5.0,5.75
Maruti Baleno Alpha,Mumbai,2017,6000,Petrol,Manual,First,21.4,1197.0,83.1,5.0,7.5
Tata Hexa XTA,Jaipur,2016,39000,Diesel,Automatic,First,17.6,2179.0,153.86,7.0,13.5
Tata Tiago 1.2 Revotron XT,Kochi,2017,15386,Petrol,Manual,First,23.84,1199.0,84.0,5.0,5.11
Audi A4 35 TDI Premium Plus,Coimbatore,2013,58629,Diesel,Automatic,Second,18.25,1968.0,187.74,5.0,16.52
Tata Bolt Revotron XT,Chennai,2016,10000,Petrol,Manual,First,17.57,1193.0,88.7,5.0,4.0
Volkswagen Vento 1.6 Highline,Mumbai,2011,38000,Petrol,Manual,First,16.09,1598.0,103.5,5.0,3.25
Maruti Vitara Brezza VDi,Pune,2016,37208,Diesel,Manual,First,24.3,1248.0,88.5,5.0,7.43
Honda Brio 1.2 VX MT,Delhi,2013,33746,Petrol,Manual,First,18.5,1198.0,86.8,5.0,3.2
Maruti Swift VDI,Delhi,2014,27365,Diesel,Manual,First,28.4,1248.0,74.0,5.0,4.75
